theta,mean_relative_force,stddev_relative_force,median_relative_force,lower_25_relative_force,upper_75_relative_forcemean_time_mus,stddev_time_ns,median_time_ns,lower_25_time_ns,upper_75_time_ns
0,1,0,1,1,1,1.50159e+06,238239,1.44509e+06,1.33774e+06,1.5865e+06
0.003,1,3.21523e-07,1,1,1,1.34916e+06,173798,1.33806e+06,1.24151e+06,1.38922e+06
0.006,1,5.88659e-07,1,1,1,1.29821e+06,154314,1.29303e+06,1.20573e+06,1.33407e+06
0.009,1,8.85065e-07,1,1,1,1.23343e+06,130273,1.21979e+06,1.14935e+06,1.28172e+06
0.012,1,1.25955e-06,1,0.999999,1,1.16405e+06,151398,1.14046e+06,1.07427e+06,1.2162e+06
0.015,1,2.0898e-06,1,0.999999,1,1.08765e+06,140338,1.06832e+06,1.00138e+06,1.14466e+06
0.018,1,2.86011e-06,0.999999,0.999998,1,1.00251e+06,138850,989636,921631,1.07303e+06
0.021,1,4.4544e-06,0.999999,0.999997,1,906338,141807,897984,814155,983451
0.024,1,6.76991e-06,0.999998,0.999995,1,829656,145960,812447,734334,906944
0.027,0.999999,9.71237e-06,0.999997,0.999993,1,763086,132569,750292,672197,837414
0.03,0.999998,1.28952e-05,0.999997,0.999991,1,707545,156226,696844,622272,772210
0.033,0.999996,1.655e-05,0.999995,0.999988,1,649372,117031,643837,567064,719288
0.036,0.999994,2.23176e-05,0.999994,0.999984,1,603860,125041,597991,521159,674424
0.039,0.999991,2.93633e-05,0.999992,0.99998,1,556787,115416,555082,475390,627790
0.042,0.999988,3.50411e-05,0.999991,0.999975,1,513563,111545,509324,435152,580990
0.045,0.999985,4.16035e-05,0.999988,0.999969,1,476753,106721,471603,402419,541775
0.048,0.999981,5.10601e-05,0.999986,0.999962,1,449100,216961,439503,373365,506954
0.051,0.999976,6.16057e-05,0.999983,0.999956,1,414782,94793,407998,348809,474365
0.054,0.999973,7.00576e-05,0.99998,0.999949,1,388937,87670.2,383906,326571,445608
0.057,0.999969,8.21612e-05,0.999977,0.999942,1,365067,81859.4,361642,305800,416729
0.06,0.999965,9.40342e-05,0.999974,0.999933,1,342403,72182.1,342272,290470,391886
0.063,0.99996,0.000103626,0.99997,0.999925,1,321753,65572.5,322672,274250,369262
0.066,0.999957,0.000114696,0.999968,0.999916,1,306645,70162.9,306948,257159,350532
0.069,0.999953,0.000141515,0.999963,0.999903,1,288938,62085.2,291622,241850,331636
0.072,0.999948,0.000161065,0.99996,0.999894,1,275074,62984,276801,227439,315509
0.075,0.999943,0.000172734,0.999955,0.99988,1,259680,58461.4,261465,215618,298759
0.078,0.999936,0.000186899,0.999952,0.999868,1,246665,56095.2,246886,204270,284616
0.081,0.999929,0.000205211,0.999948,0.999855,1.00001,235792,54888.7,237446,195377,271712
0.084,0.999923,0.000218532,0.999941,0.999842,1.00001,223323,51396.2,224695,184212,258555
0.087,0.999916,0.000242813,0.999938,0.999827,1.00001,214513,51746.8,214802,175942,247503
0.09,0.999907,0.000266476,0.999932,0.99981,1.00001,204277,49114,205210,167563,236519
0.093,0.999898,0.000285175,0.999928,0.999794,1.00001,193377,44195,194031,159735,224537
0.096,0.99989,0.000312377,0.999919,0.999773,1.00001,185923,44662.4,186827,152097,215367
0.099,0.999877,0.000330361,0.999912,0.999746,1.00001,179521,43492.7,181054,147066,207229
0.102,0.999868,0.000362595,0.999905,0.999736,1.00001,171688,43485.5,172025,140648,198062
0.105,0.999859,0.000376107,0.999905,0.999705,1.00001,162958,37475.2,164403,134142,189062
0.108,0.999846,0.000392521,0.999894,0.99968,1.00001,156593,36568.2,158062,129314,180892
0.111,0.999836,0.000431327,0.999881,0.999669,1.00001,150486,34863.1,152534,124046,173941
0.114,0.999824,0.000435256,0.999876,0.999651,1.00001,145322,35171.2,146506,120165,166293
0.117,0.999814,0.000455079,0.999864,0.999636,1.00001,140070,33500.7,141468,115314,160826
0.12,0.999799,0.00048811,0.999861,0.999606,1.00001,135284,32763.2,136755,111480,154820
0.123,0.999791,0.000503601,0.99986,0.999587,1.00001,131250,33736.4,132272,107811,149349
0.126,0.999779,0.000528439,0.999847,0.999563,1.00001,125602,29448.1,127453,104267,143459
0.129,0.999767,0.000676247,0.999834,0.999534,1.00001,121311,28048.4,123537,100975,138475
0.132,0.999738,0.000860108,0.999826,0.999513,1.00001,117484,28404.3,119541,97512,133793
0.135,0.999726,0.000842907,0.99982,0.999486,1.00001,113990,27405.2,116067,94720,130181
0.138,0.999716,0.000854303,0.999805,0.999458,1.00001,109866,25932.3,111903,92060,125157
0.141,0.999693,0.000883982,0.999806,0.999428,1.00001,106269,28399.5,107994,88833,120402
0.144,0.999673,0.000913157,0.999795,0.999394,1.00001,102967,25399.4,104908,86083,116988
0.147,0.999659,0.00093296,0.999773,0.999354,1.00001,99465.7,23476.6,101879,83183,112894
0.15,0.999644,0.000958366,0.999762,0.999336,1.00001,96463.8,21922.9,99181,81103,109562
0.153,0.999634,0.000965429,0.999751,0.999304,1.00001,94285.2,22784.9,96436,78490,107162
0.156,0.999618,0.000991667,0.99975,0.999279,1.00001,90969.7,21143.4,92894,76259,103379
0.159,0.999596,0.00111051,0.999737,0.999244,1.00001,88816.4,21734.3,90384,74646,100941
0.162,0.999575,0.00117036,0.999725,0.999217,1.00002,85890.7,21580.9,87503,71943,97281
0.165,0.999556,0.00130455,0.999714,0.999177,1.00002,82972.4,17899.6,85148,70133,94581
0.168,0.999541,0.00134618,0.999706,0.999163,1.00003,81354.5,18631.4,82814,68715,92307
0.171,0.999513,0.00141152,0.999686,0.999125,1.00002,79578.9,19454.9,80875,66969,89675
0.174,0.999504,0.00148237,0.999682,0.999104,1.00002,76808.2,17650.2,78432,64829,87204
0.177,0.999479,0.00154025,0.999666,0.999049,1.00004,75515.5,18450.6,76710,63057,85159
0.18,0.999458,0.00157119,0.999646,0.998987,1.00004,74024.9,18813.9,74708,61820,83658
0.183,0.999428,0.00159961,0.999645,0.998935,1.00003,71783.4,16884.3,73205,60634,81310
0.186,0.999409,0.00164031,0.999631,0.998895,1.00003,69937.4,17343.3,71058,59052,78908
0.189,0.999392,0.00162564,0.999625,0.998859,1.00003,68555.4,18537.9,69215,57713,76998
0.192,0.999371,0.00166502,0.99961,0.998817,1.00003,67026.5,17296.4,67990,56455,75235
0.195,0.99936,0.00174592,0.999607,0.998803,1.00003,65674.5,17303,66315,55261,73530
0.198,0.999334,0.00170719,0.999585,0.998758,1.00004,63659.5,15723.5,64690,54034,71682
0.201,0.999298,0.00180544,0.999577,0.998725,1.00003,62466,16295.5,63046,52746,70050
0.204,0.999273,0.00188342,0.999557,0.998649,1.00004,60220.4,13378.4,61686,51480,68024
0.207,0.999252,0.0019222,0.999542,0.998647,1.00004,58978.7,13077.2,60225,50582,66712
0.21,0.999224,0.00197497,0.999518,0.998591,1.00004,57804.5,13062.6,59010,49613,65203
0.213,0.999167,0.00250641,0.999509,0.998543,1.00004,56760.1,13698.8,57758,48753,63726
0.216,0.999134,0.00256653,0.999499,0.99848,1.00004,55577,13046.8,56533,47598,62181
0.219,0.999117,0.00259496,0.999475,0.99845,1.00005,54290,12411.4,55372,46823,61178
0.222,0.999093,0.00262974,0.999454,0.998362,1.00006,53540.6,13291.1,54216,46027,59895
0.225,0.999068,0.00266145,0.999438,0.998314,1.00004,52218.7,12101.9,53199,45062,58711
0.228,0.999069,0.00235779,0.999418,0.998287,1.00004,51651.9,16434.1,52297,43924,57341
0.231,0.999055,0.00233567,0.999378,0.998205,1.00004,50416.6,12672.7,51118,43362,56428
0.234,0.999019,0.00240503,0.999368,0.998173,1.00005,48953,11077.3,50059,42656,55080
0.237,0.999028,0.00238053,0.999342,0.998133,1.00006,48223.9,11482.4,49112,41657,53979
0.24,0.998988,0.00260609,0.999322,0.998074,1.00006,47487.5,11554.1,48326,40906,52994
0.243,0.998948,0.00262554,0.999335,0.997983,1.00006,46081.2,9723.36,47400,40020,51814
0.246,0.998928,0.00272659,0.999302,0.997959,1.00007,45365.3,11140.4,46355,39336,50941
0.249,0.998919,0.00287007,0.999285,0.997894,1.00008,44488.5,9757.26,45630,38639,49916
0.252,0.998884,0.00301669,0.999267,0.997859,1.00008,43890,11073.3,44741,37933,48977
0.255,0.998828,0.00317378,0.999214,0.997796,1.00007,42534.9,8693.5,43740,37178,47991
0.258,0.998807,0.0031977,0.999209,0.997786,1.00008,42075.9,9232.58,43082,36433,47206
0.261,0.998737,0.00327641,0.999205,0.997718,1.00006,41381.5,9276.95,42319,35794,46510
0.264,0.99869,0.00336096,0.999163,0.997595,1.00008,40791.5,9516.27,41672,35331,45650
0.267,0.998665,0.0034774,0.999178,0.997488,1.00007,40633.6,12550.7,41059,34702,44888
0.27,0.99865,0.00358764,0.999127,0.997468,1.00007,39798.9,10622,40362,34197,44060
0.273,0.99863,0.00367833,0.999167,0.997411,1.00011,38871.8,9469.49,39605,33639,43246
0.276,0.998588,0.00374852,0.999155,0.997387,1.00009,38435.2,11082.5,38963,33114,42597
0.279,0.998527,0.00388498,0.999132,0.997329,1.0001,37384.5,8713.81,38351,32361,41894
0.282,0.998484,0.00406728,0.999101,0.997221,1.00011,36988.1,9564.01,37794,32110,41217
0.285,0.998448,0.00415551,0.999112,0.997143,1.00009,36200.2,8777.41,37093,31613,40526
0.288,0.998418,0.00445058,0.999048,0.997094,1.0001,35506.5,8300.38,36545,31083,39721
0.291,0.998385,0.00451104,0.999035,0.996996,1.00009,35126,8787.51,35894,30510,39211
0.294,0.998377,0.00457328,0.999028,0.996994,1.00011,35302.6,18556.8,35411,30181,38687
0.297,0.998377,0.00457681,0.999069,0.996906,1.00012,34112.8,9254.99,34868,29547,38106
0.3,0.998379,0.00470698,0.999052,0.996789,1.00019,33429.8,8439.96,34263,29105,37295
0.303,0.998324,0.00486098,0.999048,0.99672,1.00019,33172.8,9796.62,33688,28712,36826
0.306,0.998329,0.00492287,0.99903,0.996706,1.00021,32294.4,7426.34,33174,28206,36293
0.309,0.998297,0.00494388,0.99901,0.996591,1.00021,32108.8,8259.92,32782,27773,35791
0.312,0.998242,0.00512713,0.999014,0.996541,1.00021,38931.3,230040,32322,27275,35198
0.315,0.998216,0.00516475,0.998955,0.996425,1.00024,31231.2,9139.2,31743,26700,34586
0.318,0.99818,0.00517324,0.99897,0.996439,1.00023,30905.6,9869.06,31274,26189,34120
0.321,0.99813,0.00536311,0.998891,0.99637,1.00026,30254.8,8292.88,30724,25956,33520
0.324,0.998161,0.00633973,0.998838,0.99626,1.00023,29597,7128.63,30323,25670,33032
0.327,0.998129,0.00645006,0.998904,0.996211,1.00025,29170,7020.47,29894,25404,32666
0.33,0.998057,0.00653862,0.998839,0.996083,1.00033,28794,7267.91,29328,24751,32161
0.333,0.998066,0.00688675,0.998879,0.996001,1.00035,28381.5,7198.86,29016,24421,31744
0.336,0.99802,0.00702379,0.998747,0.995997,1.00033,28038.1,7551.09,28525,24139,31204
0.339,0.99799,0.00729677,0.998752,0.995925,1.0003,27755.7,7730.31,28138,23929,30804
0.342,0.997952,0.00740766,0.998753,0.995892,1.00035,38869.8,359786,27807,23573,30503
0.345,0.997878,0.00782067,0.998693,0.995724,1.00034,26962,7401.38,27359,23259,29962
0.348,0.997832,0.00818276,0.998722,0.995623,1.00034,26603.4,6952.56,26954,23023,29589
0.351,0.997779,0.00874908,0.998733,0.995515,1.00033,26233.2,7077.95,26635,22795,29145
0.354,0.997724,0.00877586,0.998718,0.995361,1.00035,26181.7,12851.7,26306,22414,28778
0.357,0.997728,0.00887314,0.998711,0.995391,1.00035,25623.8,7182.91,25971,22114,28470
0.36,0.997654,0.0094241,0.99869,0.995372,1.00031,24945,5609.89,25553,21752,27910
0.363,0.997597,0.0094295,0.998628,0.99523,1.00034,24858.3,6721.03,25169,21519,27604
0.366,0.997531,0.0093506,0.998571,0.99516,1.00028,24306.7,5502.42,24822,21142,27178
0.369,0.997555,0.00933638,0.998545,0.995017,1.0003,24110.3,6387.78,24630,21005,26821
0.372,0.997467,0.0096127,0.998548,0.994924,1.00026,24052.5,7088,24200,20795,26537
0.375,0.997466,0.00976929,0.998714,0.994863,1.00033,23508,5758.66,23977,20560,26187
0.378,0.997402,0.00975661,0.998581,0.994786,1.00033,23339.8,6588.44,23695,20429,25928
0.381,0.997412,0.00968317,0.998577,0.994742,1.00033,22829.6,5443.64,23423,20113,25452
0.384,0.997368,0.00988115,0.998565,0.99466,1.00037,22821.4,6186,23069,19874,25120
0.387,0.997128,0.0128305,0.998495,0.994478,1.00037,22401.8,6105.25,22812,19573,24876
0.39,0.997045,0.0129594,0.998424,0.99437,1.00035,22368,7122.4,22532,19422,24519
0.393,0.996938,0.0132835,0.998406,0.99436,1.00037,21756.5,5338.47,22254,19101,24207
0.396,0.996867,0.0133198,0.998382,0.994151,1.00041,21665.4,5841.59,21911,19024,23964
0.399,0.996787,0.0136128,0.998348,0.99388,1.00041,21231.8,4917.73,21621,18899,23590
0.402,0.996737,0.0139226,0.998257,0.99386,1.00046,21124.6,5658.04,21358,18590,23381
0.405,0.99668,0.0147018,0.998226,0.99367,1.0005,20992,6084.66,21131,18363,23156
0.408,0.996631,0.0148718,0.998209,0.993544,1.00045,20562.8,5374.41,20873,18080,22750
0.411,0.996625,0.013874,0.99818,0.993465,1.00057,20316.3,5074.32,20600,17924,22509
0.414,0.996603,0.0133989,0.998171,0.993344,1.00054,20185.3,5838.74,20354,17749,22263
0.417,0.99662,0.0130616,0.998214,0.993123,1.00062,20027.6,6381.53,20116,17575,21950
0.42,0.996503,0.0139615,0.998162,0.99311,1.00058,19733,5644.8,19918,17373,21664
0.423,0.996476,0.0139402,0.998016,0.99287,1.0005,19328.2,5168,19679,17048,21431
0.426,0.996379,0.0141052,0.997921,0.992932,1.00049,19193,5078.32,19468,16829,21209
0.429,0.996309,0.0143447,0.997841,0.99276,1.00058,19079.8,5942.87,19231,16709,20945
0.432,0.996275,0.014429,0.997811,0.992558,1.00058,18702.8,5047.05,19084,16498,20648
0.435,0.996271,0.0145066,0.997758,0.992822,1.00057,18457.4,4482.41,18869,16398,20488
0.438,0.996238,0.0145336,0.997758,0.992569,1.00062,18524.2,6355.97,18653,16299,20281
0.441,0.996043,0.0149099,0.997748,0.992377,1.00066,18139.3,4810.89,18505,16039,20055
0.444,0.995924,0.0142692,0.99764,0.992309,1.00066,17939.9,4848.45,18261,15928,19837
0.447,0.995844,0.0147238,0.997705,0.992128,1.00056,17847.2,5988.39,18074,15630,19615
0.45,0.995756,0.0145758,0.997589,0.992027,1.0006,17475.7,4257.41,17900,15523,19355
0.453,0.995669,0.014752,0.997556,0.991818,1.00059,17195.9,3822.66,17718,15429,19130
0.456,0.995604,0.0150238,0.997604,0.991661,1.0007,17168.3,5034.61,17539,15210,18898
0.459,0.995507,0.0151165,0.997474,0.99163,1.0007,17196.7,6976.16,17286,14969,18750
0.462,0.995435,0.014503,0.997547,0.9915,1.00072,16733.6,4300.24,17051,14860,18560
0.465,0.995395,0.0153731,0.997488,0.99131,1.00082,16588.3,4921.17,16896,14663,18392
0.468,0.995128,0.0161548,0.997401,0.991133,1.00081,16344.7,4363.94,16696,14458,18190
0.471,0.995163,0.0172194,0.997401,0.991133,1.00081,16154.4,4236.05,16526,14390,17995
0.474,0.995008,0.0171815,0.997284,0.990955,1.00069,16115.7,5488.94,16347,14256,17805
0.477,0.994856,0.0176107,0.997182,0.990721,1.00066,16020.5,5110.29,16098,14053,17681
0.48,0.994768,0.0175694,0.997139,0.990312,1.00069,15725,4794.17,15945,13960,17467
0.483,0.99469,0.0178103,0.996963,0.990009,1.00064,15574.4,4264.57,15779,13752,17250
0.486,0.994684,0.0183479,0.996845,0.989687,1.00071,15433.5,4341.47,15597,13644,17120
0.489,0.994755,0.0189025,0.997017,0.98978,1.0007,15093.2,2951.04,15483,13461,16931
0.492,0.994708,0.0192012,0.996952,0.989826,1.0007,15331.8,4665.97,15342,13397,16840
0.495,0.994706,0.0189975,0.996889,0.98978,1.00069,15028.4,4565.15,15152,13167,16621
0.498,0.994587,0.0189835,0.996889,0.989739,1.00071,14848.8,4024.73,15004,13066,16460
0.501,0.994465,0.0189077,0.996889,0.98946,1.00067,15017.3,6115.92,14839,12918,16363
0.504,0.994501,0.0188654,0.996921,0.98939,1.00066,14440.6,3032.03,14726,12816,16185
0.507,0.994507,0.019039,0.996922,0.98939,1.00072,14553.7,4510.55,14602,12734,16048
0.51,0.994331,0.0196785,0.996905,0.989362,1.00076,14584.9,6201.9,14501,12623,15884
0.513,0.994312,0.0197402,0.996863,0.989209,1.00075,14052.6,2956.59,14334,12518,15681
0.516,0.994233,0.0198712,0.996785,0.989245,1.0008,14026.7,3551.66,14195,12375,15544
0.519,0.994117,0.0202658,0.996839,0.989129,1.00068,13881,3418.84,14061,12297,15356
0.522,0.994026,0.0203639,0.99677,0.989202,1.00078,13800.8,4149.07,13903,12197,15214
0.525,0.994082,0.0204906,0.996936,0.989084,1.00073,13849.3,5160.93,13781,12080,15047
0.528,0.994072,0.0208552,0.996901,0.989129,1.00076,13549.5,4000.21,13626,12014,14939
0.531,0.993855,0.0209122,0.997019,0.988838,1.00082,13325.5,2827.69,13562,11937,14786
0.534,0.993633,0.0214718,0.997014,0.988124,1.00081,13614.3,5556.91,13435,11817,14689
0.537,0.993324,0.0219974,0.996904,0.988013,1.00086,13142.5,3437.93,13274,11683,14508
0.54,0.993191,0.0220247,0.996791,0.987854,1.00085,12982.2,3327.56,13147,11598,14381
0.543,0.993129,0.0221055,0.996626,0.987782,1.00089,12877.2,3483.5,13058,11507,14211
0.546,0.99309,0.0230326,0.996573,0.987613,1.00089,12746.3,3232.09,12909,11375,14113
0.549,0.993045,0.0234467,0.996697,0.987967,1.00085,12647.9,3099.34,12799,11192,13968
0.552,0.992974,0.0237639,0.99655,0.987655,1.00096,12500.5,2858.69,12676,11109,13823
0.555,0.992856,0.023971,0.99655,0.987555,1.00085,12500.6,4041.82,12500,11065,13770
0.558,0.992642,0.0238693,0.996342,0.987478,1.00089,12340.6,3096.86,12400,10981,13632
0.561,0.992581,0.0241148,0.996279,0.987127,1.00091,12376,3831.88,12323,10909,13489
0.564,0.992516,0.0241037,0.996185,0.987022,1.00089,12082.7,2887.49,12206,10727,13376
0.567,0.992434,0.0241316,0.996192,0.986765,1.0009,12474.2,11557.8,12145,10646,13272
0.57,0.992222,0.0246939,0.99602,0.986684,1.00091,11960.9,3370.89,12014,10548,13173
0.573,0.992132,0.0255152,0.99602,0.986551,1.00104,11818.8,3265.13,11922,10467,13055
0.576,0.992122,0.0257124,0.99602,0.986117,1.00098,11808.6,3493.88,11826,10328,12941
0.579,0.991983,0.0258735,0.995946,0.985867,1.00101,11777.4,3892.57,11725,10317,12836
0.582,0.991865,0.0263591,0.99594,0.98595,1.00111,11843.7,5126.65,11622,10216,12699
0.585,0.99169,0.0263692,0.99591,0.985894,1.00111,11645,4290.73,11537,10127,12628
0.588,0.991546,0.026162,0.995723,0.985276,1.00111,11434.7,3332.6,11488,10103,12534
0.591,0.991401,0.0263726,0.995634,0.985207,1.00098,11335.6,3600.17,11353,10019,12454
0.594,0.991159,0.0268594,0.995506,0.985042,1.0009,11351.1,4899.96,11232,9949,12314
0.597,0.991175,0.027149,0.995326,0.984813,1.00093,11054.2,3254.88,11170,9852,12179
0.6,0.991146,0.0273708,0.995221,0.984683,1.00081,11028.3,3269.92,11083,9815,12082
0.603,0.991125,0.0279561,0.995335,0.984114,1.00107,10936.5,2969.87,11009,9754,11993
0.606,0.991147,0.0281689,0.995329,0.984219,1.00093,10749.2,2479.71,10917,9666,11883
0.609,0.991205,0.0279631,0.99528,0.984055,1.00097,10693.6,2745.61,10887,9542,11757
0.612,0.991143,0.028039,0.995234,0.984055,1.00093,10659.8,2966.6,10756,9539,11661
0.615,0.99114,0.0282302,0.99518,0.983651,1.00124,10587.4,3270.93,10653,9444,11565
0.618,0.991131,0.0282189,0.995302,0.983616,1.0012,10552.4,3194.97,10591,9342,11490
0.621,0.990995,0.0293597,0.99518,0.983285,1.00139,10524.2,3985.9,10526,9278,11422
0.624,0.990933,0.029679,0.995452,0.983153,1.0015,10578.6,9370.83,10439,9211,11321
0.627,0.990767,0.0299832,0.995319,0.982821,1.00156,10319.9,3727.65,10345,9172,11233
0.63,0.990775,0.0309869,0.995319,0.982831,1.00158,10366.2,3750.63,10260,9111,11182
0.633,0.990773,0.0310116,0.995559,0.982758,1.00166,10059,2435.49,10180,9082,11053
0.636,0.990612,0.0308707,0.995558,0.982587,1.00155,10103.3,3500.89,10109,9009,10973
0.639,0.990507,0.0312472,0.995255,0.982672,1.00156,9964.73,3134.05,10022,8934,10911
0.642,0.990404,0.0310847,0.995039,0.982411,1.00157,10013.8,3863.49,9980,8892,10847
0.645,0.990274,0.0312974,0.994835,0.982415,1.00156,9840.37,3133.04,9892,8822,10742
0.648,0.989944,0.0320441,0.995039,0.982255,1.00166,9882.76,4463.93,9845,8714,10686
0.651,0.989733,0.0324309,0.995019,0.98207,1.00157,9729.52,3348.47,9774,8657,10612
0.654,0.989485,0.0329591,0.994996,0.981434,1.00146,9590.37,3008.22,9696,8582,10520
0.657,0.989394,0.0329909,0.99494,0.981324,1.00167,9529.79,2762.49,9633,8529,10481
0.66,0.989237,0.0332873,0.994789,0.980781,1.00176,9526.94,3528.92,9560,8478,10436
0.663,0.989207,0.0334023,0.994789,0.980707,1.00176,9447.17,4099.51,9468,8356,10355
0.666,0.989045,0.033574,0.994789,0.980261,1.00181,9342.17,3267.24,9421,8315,10289
0.669,0.988678,0.0337638,0.994479,0.979961,1.00171,9179.08,2049.09,9365,8255,10205
0.672,0.988478,0.0340717,0.994444,0.979624,1.00171,9153,2661.78,9277,8174,10114
0.675,0.988926,0.0323356,0.994422,0.979788,1.00164,9286.99,5012.92,9214,8086,10049
0.678,0.988814,0.0335106,0.994191,0.97918,1.00164,8985.97,2416.64,9151,8023,9972
0.681,0.988908,0.0352,0.994182,0.979207,1.0019,8916.33,2322.41,9074,7962,9883
0.684,0.988902,0.0354653,0.994475,0.97909,1.00192,8853.18,2286.5,9005,7904,9845
0.687,0.988745,0.0355893,0.994222,0.979011,1.00192,8770.85,2424.9,8907,7880,9727
0.69,0.988519,0.035488,0.994072,0.97849,1.00178,8818.35,4911.18,8813,7799,9666
0.693,0.98947,0.0472007,0.994072,0.978505,1.00193,8662.1,2428.54,8756,7760,9623
0.696,0.98942,0.0478715,0.994005,0.978025,1.0022,8748.1,3954.72,8737,7710,9553
0.699,0.989275,0.0482782,0.993972,0.977709,1.00226,8740.64,4392.01,8650,7633,9463
0.702,0.989148,0.0485647,0.993878,0.977403,1.00233,8486.03,2513.93,8580,7565,9432
0.705,0.989316,0.0492327,0.993966,0.977284,1.00233,8361.62,1873.64,8506,7491,9363
0.708,0.989104,0.0497388,0.993802,0.976639,1.00251,8478.62,3332.66,8447,7401,9300
0.711,0.989073,0.0502309,0.993819,0.976801,1.00267,8451.75,3450.25,8428,7347,9250
0.714,0.988992,0.0479195,0.993645,0.976482,1.00264,8218.18,2234.39,8348,7308,9182
0.717,0.988788,0.0475137,0.993645,0.97604,1.00243,8172.35,2445.05,8317,7297,9121
0.72,0.98898,0.0489137,0.993645,0.976178,1.00266,8156.76,2714.69,8272,7230,9082
0.723,0.989066,0.0485727,0.993787,0.974873,1.00266,7999.71,1741.39,8194,7124,9005
0.726,0.98811,0.0424526,0.993556,0.974611,1.00243,8188.15,5307.25,8133,7104,8968
0.729,0.987759,0.0428875,0.993539,0.97394,1.00243,8028.8,3301.19,8058,7059,8915
0.732,0.987545,0.0434384,0.993011,0.97394,1.00268,7896.24,2617.42,7997,7024,8860
0.735,0.987871,0.0447814,0.993487,0.974233,1.00258,7946.31,3397.61,7911,6952,8781
0.738,0.987684,0.0447736,0.993501,0.97394,1.00243,7731.58,1803.46,7861,6910,8712
0.741,0.987237,0.0452016,0.993044,0.973158,1.00275,7841.02,3009.08,7810,6913,8669
0.744,0.98701,0.0456559,0.993011,0.972153,1.00275,7786.21,3429.87,7750,6832,8597
0.747,0.98673,0.0455686,0.992984,0.971956,1.00236,7648.8,2456.39,7684,6783,8514
0.75,0.986759,0.0455949,0.99273,0.971173,1.00275,7569.61,2402.25,7665,6755,8486
0.753,0.98656,0.0455037,0.992573,0.970363,1.00293,7561.18,2796.98,7626,6676,8432
0.756,0.986398,0.0463926,0.992077,0.970283,1.00297,7507.94,2595.1,7598,6629,8378
0.759,0.9863,0.0468012,0.99211,0.970039,1.00304,7471.17,2938.74,7534,6584,8301
0.762,0.986269,0.0471515,0.992077,0.970082,1.00304,7333.47,2415.11,7461,6559,8211
0.765,0.985907,0.0483422,0.991721,0.969792,1.0031,7441.76,3299.38,7441,6486,8157
0.768,0.985809,0.0484484,0.991447,0.969438,1.00358,7265.94,2600.8,7380,6434,8096
0.771,0.985647,0.0488239,0.991403,0.968821,1.00315,7221.49,2209.83,7331,6420,8079
0.774,0.986009,0.0494356,0.991447,0.969008,1.0036,7082.18,1480.59,7248,6408,8000
0.777,0.986068,0.0499905,0.991605,0.968033,1.00358,7001.89,1340.71,7207,6355,7922
0.78,0.985633,0.0502117,0.991355,0.967921,1.00327,7029.55,2103.28,7154,6303,7864
0.783,0.985734,0.0531553,0.991429,0.967757,1.00327,7135.71,3143.16,7125,6264,7830
0.786,0.985517,0.0534743,0.991372,0.967757,1.00348,6970.24,2293.36,7076,6212,7772
0.789,0.985202,0.054274,0.990825,0.96747,1.00357,6971.36,3269.02,7031,6175,7736
0.792,0.985065,0.0542842,0.99078,0.966995,1.00376,6948.13,2726.78,6961,6108,7691
0.795,0.984708,0.0538976,0.990825,0.966186,1.00348,6875.17,2164.3,6933,6042,7644
0.798,0.984533,0.0542173,0.990759,0.966122,1.00348,6735.42,1394.96,6884,5990,7590
0.801,0.984478,0.0542047,0.990702,0.965661,1.00317,6870.13,3054.67,6846,5964,7515
0.804,0.984406,0.0541344,0.990702,0.965988,1.00333,6656.61,1985.65,6817,5935,7469
0.807,0.984147,0.054864,0.990376,0.965661,1.00307,6624.59,1567.34,6777,5923,7441
0.81,0.98386,0.0559001,0.990285,0.965661,1.00304,6635.45,2186.08,6717,5873,7390
0.813,0.983746,0.0570947,0.990077,0.965476,1.00314,6532,1749.67,6644,5848,7331
0.816,0.983233,0.0566806,0.989537,0.964768,1.00343,6579.6,2367.39,6600,5788,7311
0.819,0.983473,0.0588954,0.989561,0.963991,1.00323,6621.84,3881.83,6544,5750,7230
0.822,0.983263,0.0588106,0.99017,0.962843,1.00314,6439.13,2041.53,6505,5721,7183
0.825,0.983298,0.0593656,0.989897,0.96245,1.00371,6420.56,2268.17,6484,5670,7141
0.828,0.983505,0.0592112,0.990231,0.962843,1.00378,6360.79,2017.26,6419,5655,7088
0.831,0.983066,0.0594141,0.990239,0.961552,1.00398,6363.81,2562.82,6386,5613,7037
0.834,0.982798,0.0600461,0.990541,0.961413,1.00398,6254.07,1636.72,6360,5591,7002
0.837,0.982411,0.0608386,0.990288,0.961367,1.00314,6239.67,1854.24,6315,5551,6954
0.84,0.982466,0.061006,0.989838,0.961413,1.00321,6324.42,2563.48,6302,5527,6946
0.843,0.982452,0.061728,0.989978,0.961213,1.00373,6335.11,3431.42,6279,5506,6884
0.846,0.982682,0.0611735,0.990313,0.961213,1.00373,6182.78,2205.46,6247,5455,6879
0.849,0.982701,0.0618339,0.990181,0.961213,1.0037,6211.65,2632.6,6220,5435,6841
0.852,0.981964,0.061054,0.989832,0.960832,1.00402,6163.88,3218.68,6142,5405,6801
0.855,0.981314,0.0611065,0.989362,0.960013,1.00396,6023.8,1693.68,6115,5376,6745
0.858,0.981226,0.0611601,0.989033,0.959499,1.0037,6042,2293.67,6085,5299,6696
0.861,0.981468,0.0635247,0.988517,0.959202,1.00408,6012.12,2481.8,6048,5262,6655
0.864,0.981776,0.064247,0.988771,0.959092,1.00474,5991.13,2652.58,6022,5285,6636
0.867,0.981925,0.0650793,0.988587,0.9583,1.00448,5863.8,1730.9,5972,5205,6573
0.87,0.985688,0.146351,0.988587,0.95884,1.00435,5858.27,1868.63,5933,5212,6543
0.873,0.985137,0.146418,0.988201,0.958148,1.00396,5881.97,2518.04,5903,5193,6508
0.876,0.984569,0.147569,0.988088,0.957194,1.00398,5762.68,1575.17,5867,5113,6453
0.879,0.984616,0.14769,0.988055,0.956901,1.00398,5761.74,2082.93,5813,5093,6436
0.882,0.98525,0.168791,0.987591,0.956825,1.00419,5740.68,2179.78,5791,5081,6405
0.885,0.985222,0.173609,0.987709,0.956055,1.0046,5766.35,2296.45,5761,5057,6384
0.888,0.984805,0.173738,0.987523,0.955052,1.00453,5745.81,3034.7,5716,5023,6346
0.891,0.984567,0.173943,0.987709,0.953908,1.00413,5613.62,1658.84,5673,4977,6271
0.894,0.983838,0.174341,0.987449,0.953861,1.00413,5581.04,1653.36,5669,4951,6267
0.897,0.983809,0.174515,0.987482,0.953312,1.00412,5719.49,3016.29,5655,4919,6253
0.9,0.983621,0.17453,0.987467,0.953292,1.00412,5568.02,1774.87,5617,4897,6178
0.903,0.98331,0.174802,0.987467,0.953115,1.00426,5458.83,1014.48,5593,4861,6161
0.906,0.983094,0.17531,0.987661,0.952789,1.0047,5543.35,2524.92,5560,4836,6123
0.909,0.982449,0.174485,0.987523,0.951864,1.00426,5509.84,2456.93,5518,4787,6090
0.912,0.982345,0.17439,0.987523,0.951864,1.00405,5413.33,1722.69,5480,4764,6042
0.915,0.981325,0.175365,0.987302,0.951434,1.00382,5364.46,1468.97,5449,4730,6007
0.918,0.981433,0.175937,0.987467,0.95169,1.00383,5375.75,1919.04,5417,4703,5978
0.921,0.980844,0.176765,0.987184,0.952053,1.00377,5428.35,2462.45,5367,4698,5953
0.924,0.980193,0.176971,0.987127,0.951039,1.00373,5398.48,3727.12,5335,4658,5919
0.927,0.979922,0.176762,0.986964,0.951142,1.00367,5243.16,1481.51,5291,4645,5894
0.93,0.98053,0.17732,0.986985,0.951039,1.00377,5212.71,1174.33,5285,4601,5857
0.933,0.979981,0.16717,0.986985,0.950748,1.00384,5355.38,3802.32,5244,4578,5829
0.936,0.979181,0.15589,0.987184,0.950574,1.00371,5214.3,1804.79,5230,4566,5816
0.939,0.979513,0.156242,0.987432,0.950338,1.00401,5249.25,2419.47,5180,4537,5773
0.942,0.979114,0.156398,0.987432,0.950317,1.00415,5111.39,1218.28,5163,4496,5734
0.945,0.979983,0.157998,0.98734,0.950141,1.00437,5063.98,1110.56,5140,4459,5704
0.948,0.979858,0.158025,0.98734,0.950073,1.00425,5076.45,1508.43,5112,4426,5705
0.951,0.978041,0.140804,0.987202,0.949004,1.00401,5054.22,2007.7,5081,4393,5658
0.954,0.977099,0.141895,0.986873,0.949004,1.00394,5076.1,2017.13,5037,4364,5644
0.957,0.976799,0.142456,0.986695,0.949004,1.00377,5071.94,2171.26,5023,4362,5601
0.96,0.976552,0.142582,0.986695,0.949126,1.00377,4975.6,1837.47,4965,4343,5559
0.963,0.976015,0.14887,0.986384,0.949004,1.00377,4953.19,2126.61,4958,4326,5524
0.966,0.975958,0.149139,0.986052,0.948836,1.0038,4910.88,1545.28,4930,4294,5526
0.969,0.976354,0.149838,0.986052,0.947838,1.00384,4976.3,2063.32,4902,4287,5477
0.972,0.976234,0.149416,0.985748,0.947693,1.0038,4843.07,1134.3,4880,4250,5449
0.975,0.976663,0.149389,0.985036,0.947327,1.0038,4910.17,2584.27,4863,4224,5418
0.978,0.976176,0.14998,0.985273,0.947327,1.00372,4862.69,1945.13,4834,4223,5376
0.981,0.976365,0.150837,0.985683,0.947467,1.0038,4892.27,2343.18,4812,4221,5348
0.984,0.976105,0.151031,0.985748,0.946524,1.00377,4812.74,1765.19,4809,4191,5324
0.987,0.975725,0.150777,0.985071,0.947467,1.00398,4775.98,2032.7,4776,4154,5285
0.99,0.97565,0.152626,0.985036,0.945959,1.0038,4740.98,1582.77,4753,4146,5255
0.993,0.975516,0.15278,0.984697,0.94524,1.00406,4719.44,1520.84,4731,4122,5247
0.996,0.975702,0.153609,0.985018,0.945568,1.00427,4804.19,2635.57,4704,4107,5232
0.999,0.974873,0.159025,0.984808,0.944106,1.00414,4767.6,2653.23,4671,4093,5178
1.002,0.974934,0.159135,0.984757,0.94352,1.00459,4717.63,2151.12,4662,4077,5127
1.005,0.977466,0.227619,0.984697,0.943012,1.00459,4579.11,995.461,4628,4056,5094
1.008,0.976496,0.228629,0.984676,0.941511,1.00459,4704.34,2572.72,4612,4051,5085
1.011,0.976574,0.228561,0.984808,0.940912,1.00504,4609.78,2019.06,4584,4034,5055
1.014,0.975652,0.228502,0.983913,0.940028,1.00504,4523.13,1040.04,4566,4017,5026
1.017,0.97494,0.228702,0.983575,0.939809,1.00504,4547.16,1892.85,4526,3995,5003
1.02,0.974273,0.229282,0.982732,0.939627,1.00462,4492.33,1342.73,4501,3960,5003
1.023,0.974449,0.228822,0.982498,0.939907,1.00427,4498.5,1561.75,4476,3949,4972
1.026,0.974046,0.22912,0.982176,0.939907,1.00462,4499.9,2002.95,4451,3912,4939
1.029,0.973824,0.229613,0.982257,0.939627,1.0045,4476.93,2142.7,4416,3892,4915
1.032,0.973768,0.229727,0.982078,0.939809,1.00533,4365.73,786.747,4395,3886,4881
1.035,0.974029,0.247111,0.982771,0.938417,1.00533,4451.62,2031.88,4386,3888,4865
1.038,0.974661,0.249406,0.982771,0.93952,1.00576,4353.49,1010.24,4359,3855,4854
1.041,0.974831,0.249303,0.982078,0.938683,1.00573,4308.38,781.126,4316,3828,4827
1.044,0.973324,0.25026,0.982028,0.937105,1.00567,4468.19,2599.09,4327,3803,4821
1.047,0.971354,0.252155,0.981803,0.935797,1.00533,4463.03,2900.82,4305,3789,4805
1.05,0.972019,0.252534,0.981503,0.936127,1.00562,4306.81,1531.84,4285,3773,4762
1.053,0.972117,0.252873,0.981803,0.936127,1.00573,4451,3352.96,4252,3761,4757
1.056,0.972204,0.252853,0.981504,0.936208,1.00575,4299.91,2030.89,4242,3739,4722
1.059,0.97134,0.252953,0.98148,0.936091,1.00566,4378.64,3074.28,4210,3721,4701
1.062,0.971349,0.253163,0.981794,0.936127,1.006,4272.85,2268.45,4187,3709,4684
1.065,0.971219,0.25361,0.981803,0.935797,1.00575,4147.93,729.014,4175,3691,4653
1.068,0.970544,0.253365,0.98086,0.935165,1.00542,4211.82,1970.74,4153,3686,4616
1.071,0.970796,0.254848,0.980897,0.934816,1.00638,4155.06,1554.18,4140,3654,4602
1.074,0.970239,0.25525,0.980835,0.934805,1.00605,4106.1,810.494,4119,3662,4568
1.077,0.970311,0.254912,0.98086,0.934805,1.00657,4208.71,2200.12,4090,3650,4560
1.08,0.971361,0.255211,0.982068,0.934612,1.00859,4123.69,1739.04,4075,3605,4530
1.083,0.97113,0.255115,0.981868,0.933534,1.00825,4074.28,1156.8,4047,3594,4514
1.086,0.970991,0.255346,0.981794,0.933206,1.00754,4030.47,836.948,4029,3578,4487
1.089,0.970181,0.255449,0.982028,0.933281,1.00834,4054.05,1210.15,3997,3556,4464
1.092,0.969894,0.255387,0.98238,0.931858,1.00742,3997.07,788.468,3980,3550,4436
1.095,0.969426,0.255543,0.982498,0.929336,1.00702,3983.84,982.834,3974,3543,4412
1.098,0.968244,0.256673,0.98238,0.928238,1.00763,3985.76,1019.46,3966,3522,4398
1.101,0.967319,0.256725,0.982028,0.927156,1.00702,3982.83,1288.98,3964,3520,4379
1.104,0.966438,0.256658,0.981788,0.925068,1.00742,3919.09,699.771,3945,3500,4364
1.107,0.966293,0.256619,0.981027,0.924876,1.00727,3940.91,1219.66,3918,3475,4331
1.11,0.966149,0.256578,0.981027,0.924563,1.00688,4056.21,2614.48,3903,3464,4325
1.113,0.967099,0.256355,0.981413,0.924709,1.00727,3860.29,678.152,3876,3446,4308
1.116,0.968273,0.308932,0.981504,0.924596,1.00795,3855.81,733.49,3863,3419,4289
1.119,0.967782,0.309105,0.980835,0.924017,1.00808,4002.05,3296.88,3835,3402,4261
1.122,0.967483,0.311018,0.979797,0.922135,1.00742,3914.17,1991.93,3817,3371,4253
1.125,0.967074,0.310866,0.979162,0.919745,1.00809,3797.42,688.944,3816,3368,4217
1.128,0.967086,0.311455,0.979629,0.91973,1.00859,3803.74,1149.69,3790,3355,4203
1.131,0.966673,0.311689,0.979044,0.919405,1.00859,3766.95,761.471,3781,3334,4185
1.134,0.966569,0.31254,0.978685,0.919405,1.00834,3775.63,989.973,3759,3333,4167
1.137,0.966354,0.31299,0.977873,0.918395,1.00859,3908.73,2883.2,3738,3305,4159
1.14,0.966238,0.31266,0.978685,0.918395,1.00892,3937.62,3117.56,3721,3303,4146
1.143,0.965979,0.312616,0.978685,0.91735,1.00892,3733.8,1345.61,3702,3298,4123
1.146,0.96611,0.3129,0.97819,0.916958,1.00906,3767.38,2549.89,3684,3273,4113
1.149,0.965637,0.312511,0.978161,0.916958,1.01059,3708.23,1385.96,3670,3268,4092
1.152,0.966536,0.31332,0.978846,0.916958,1.01107,3713.44,1594.24,3650,3244,4066
1.155,0.966987,0.313627,0.979711,0.916873,1.01175,3730.67,1917.28,3639,3219,4050
1.158,0.966818,0.314621,0.979629,0.914335,1.01107,3681.07,1544.33,3610,3214,4043
1.161,0.967596,0.316253,0.979162,0.914335,1.01131,3725.85,2072.11,3590,3202,4023
1.164,0.967914,0.316455,0.979361,0.916715,1.01175,3672.47,1696.72,3590,3188,4014
1.167,0.968734,0.351931,0.979361,0.916006,1.01205,3609.45,1143.21,3558,3169,3999
1.17,0.968482,0.351936,0.979711,0.913346,1.01331,3613.8,1390.1,3545,3165,3969
1.173,0.968329,0.352016,0.980588,0.913123,1.01385,3679.51,2344.99,3540,3152,3964
1.176,0.968181,0.352901,0.979347,0.913123,1.01336,3580.95,1386.14,3521,3141,3921
1.179,0.966595,0.354339,0.979978,0.912794,1.01336,3570.98,1176.27,3513,3122,3898
1.182,0.967003,0.353696,0.979978,0.912423,1.01328,3695.55,2425.01,3502,3096,3896
1.185,0.967109,0.353707,0.979349,0.911824,1.01302,3492.89,626.56,3490,3088,3856
1.188,0.96642,0.354123,0.979347,0.911103,1.01328,3635.98,2285.82,3482,3072,3863
1.191,0.966608,0.35515,0.979215,0.911818,1.01361,3499.24,1303.54,3465,3070,3830
1.194,0.963304,0.245633,0.979349,0.911818,1.0141,3467.15,749.866,3448,3056,3811
1.197,0.96461,0.249099,0.980148,0.911004,1.01493,3581.06,2818.17,3434,3053,3808
1.2,0.964623,0.249037,0.979349,0.911103,1.01512,3551.54,2243.58,3411,3041,3800
1.203,0.964718,0.250633,0.980614,0.910884,1.01563,3526.95,2081.71,3400,3015,3788
1.206,0.965035,0.251053,0.981518,0.911004,1.01567,3503.01,2200.94,3394,2999,3773
1.209,0.965109,0.251348,0.98074,0.911004,1.01594,3401.18,688.148,3377,2993,3758
1.212,0.964031,0.250914,0.980614,0.910076,1.01594,3425.16,1274.27,3367,2969,3748
1.215,0.963315,0.25147,0.980148,0.908424,1.01593,3445.83,1922.06,3358,2948,3715
1.218,0.962217,0.252298,0.978846,0.907875,1.01594,3416.36,1490.25,3343,2933,3709
1.221,0.9624,0.253218,0.979215,0.908424,1.01616,3446.18,2072.34,3326,2931,3696
1.224,0.962164,0.256194,0.979215,0.908362,1.01616,3397.76,1755.16,3326,2924,3696
1.227,0.963255,0.256704,0.979629,0.908362,1.01628,3437.05,2459.12,3303,2908,3700
1.23,0.962584,0.257232,0.978841,0.906278,1.01616,3351.13,1404.29,3281,2900,3694
1.233,0.962412,0.258707,0.978841,0.90443,1.01659,3360.78,2023.85,3270,2880,3663
1.236,0.962823,0.258628,0.978841,0.904133,1.01712,3304.89,1065.91,3261,2869,3650
1.239,0.962304,0.258323,0.978721,0.902807,1.01674,3329.3,1343.8,3247,2870,3641
1.242,0.96234,0.258048,0.978786,0.903546,1.01674,3373.95,2228.04,3236,2869,3636
1.245,0.961981,0.258711,0.978786,0.903239,1.01674,3299.23,1241.17,3221,2856,3622
1.248,0.962578,0.25836,0.978253,0.903546,1.01674,3300.83,1534.23,3200,2833,3618
1.251,0.960391,0.259836,0.97791,0.901161,1.01674,3259.97,1585.46,3188,2822,3600
1.254,0.960247,0.261341,0.977706,0.899556,1.01807,3385.07,3138.61,3177,2822,3590
1.257,0.960313,0.260939,0.977276,0.896853,1.0176,3188.64,585.712,3160,2817,3557
1.26,0.960753,0.261167,0.977321,0.897129,1.0176,3286.95,2383.86,3153,2801,3540
1.263,0.960129,0.261695,0.97759,0.896014,1.0176,3190.46,823.483,3144,2793,3531
1.266,0.959266,0.262388,0.977675,0.895963,1.01909,3173.61,766.137,3146,2771,3525
1.269,0.958767,0.263636,0.977321,0.895983,1.0188,3196.84,1354.32,3134,2759,3506
1.272,0.957776,0.265368,0.976579,0.894964,1.0188,3131.19,574.157,3124,2747,3491
1.275,0.961662,0.331282,0.97549,0.894935,1.01909,3192.14,1216.03,3126,2741,3499
1.278,0.96425,0.3419,0.975269,0.894964,1.01909,3130.46,839.226,3118,2728,3470
1.281,0.964567,0.343293,0.974222,0.894964,1.01963,3214.92,2167.46,3112,2710,3456
1.284,0.964878,0.343845,0.974222,0.894964,1.02005,3127.97,1096.61,3101,2705,3448
1.287,0.966051,0.343535,0.974222,0.894964,1.02056,3125.88,1133.39,3098,2694,3430
1.29,0.966158,0.343497,0.974341,0.894597,1.02185,3112.62,1258.6,3082,2695,3409
1.293,0.966362,0.344119,0.974981,0.894964,1.02108,3110.03,1471.62,3062,2687,3390
1.296,0.967027,0.344401,0.975119,0.894964,1.02256,3092.93,1170.04,3051,2685,3384
1.299,0.970196,0.348171,0.976196,0.895761,1.02407,3110.05,1857.15,3043,2665,3376
1.302,0.969267,0.349561,0.976196,0.894044,1.02457,3020.82,548.407,3026,2661,3365
1.305,0.96841,0.350828,0.975269,0.889817,1.02427,3101.84,1786.73,3008,2653,3357
1.308,0.969057,0.351656,0.975219,0.891153,1.02407,3091.41,1852.77,3004,2650,3349
1.311,0.970359,0.355294,0.975219,0.889817,1.02457,3040.03,1240.14,2995,2637,3327
1.314,0.969529,0.358006,0.975269,0.888694,1.02427,3033.29,1744.07,2979,2644,3329
1.317,0.969463,0.356998,0.975359,0.885121,1.02427,3054.48,1742.64,2960,2623,3324
1.32,0.969321,0.357448,0.97549,0.885121,1.02406,3060.6,1838.1,2951,2606,3306
1.323,0.968389,0.358749,0.975119,0.883871,1.02333,3034,1892.63,2950,2595,3295
1.326,0.969624,0.358781,0.97549,0.88488,1.02544,2962.99,817.539,2930,2565,3277
1.329,0.969326,0.360949,0.974993,0.884687,1.02641,2962.32,837.032,2923,2558,3279
1.332,0.96786,0.363283,0.974993,0.881509,1.02699,2947.43,1295.14,2906,2540,3249
1.335,0.967732,0.36376,0.974402,0.879618,1.02641,3003.58,1792.86,2905,2538,3260
1.338,0.968112,0.364923,0.974699,0.879618,1.02641,3006.46,2764.85,2895,2531,3250
1.341,0.970116,0.372052,0.974993,0.879618,1.02705,2938.51,1057.28,2878,2517,3243
1.344,0.970412,0.372441,0.974856,0.879517,1.0274,2927.44,1275.49,2871,2510,3237
1.347,0.971721,0.375961,0.974856,0.880005,1.02757,2987.59,2128.14,2869,2487,3224
1.35,0.971159,0.376194,0.974699,0.879185,1.02705,2851.49,523.96,2854,2472,3208
1.353,0.97002,0.376955,0.974042,0.874717,1.0274,2840.06,522.905,2848,2458,3187
1.356,0.970644,0.377069,0.974036,0.879185,1.0274,2872.43,1548.97,2835,2450,3182
1.359,0.969874,0.378277,0.974042,0.879517,1.02792,3025.91,5653.69,2817,2442,3168
1.362,0.970854,0.37757,0.974036,0.879185,1.02806,2874.79,1681.26,2798,2440,3161
1.365,0.970397,0.378654,0.974042,0.876121,1.02904,2800.89,547.328,2794,2431,3147
1.368,0.969989,0.379862,0.974042,0.87391,1.02877,2848.66,1918.19,2773,2428,3142
1.371,0.969769,0.380044,0.974036,0.871028,1.0285,2846.7,1694.09,2774,2411,3128
1.374,0.969016,0.382276,0.973978,0.86916,1.02806,2839.22,1396.04,2763,2406,3122
1.377,0.969798,0.38633,0.974042,0.86859,1.02806,2818.26,1304.03,2748,2395,3117
1.38,0.969162,0.388403,0.974402,0.866145,1.02806,2833.34,1920.57,2737,2390,3101
1.383,0.968614,0.389043,0.974042,0.864955,1.02792,2823.04,1473.04,2723,2376,3089
1.386,0.967734,0.389997,0.974042,0.864921,1.02874,2726.04,499.41,2717,2361,3081
1.389,0.968767,0.390967,0.974222,0.864955,1.03085,2761.07,958.489,2704,2356,3077
1.392,0.96902,0.39105,0.974036,0.864955,1.03044,2789.59,1590.21,2702,2338,3066
1.395,0.969624,0.380967,0.973997,0.864921,1.03084,2774.21,1588.95,2697,2343,3056
1.398,0.970214,0.381991,0.973978,0.862525,1.03097,2705.68,574.294,2681,2334,3039
1.401,0.971321,0.383319,0.973997,0.862083,1.03097,2728.86,1384.75,2678,2326,3037
1.404,0.972377,0.386103,0.974005,0.860723,1.0328,2762.84,1554.97,2652,2325,3038
1.407,0.971609,0.390345,0.973997,0.860329,1.03314,2672.53,505.887,2637,2304,3018
1.41,0.973421,0.409973,0.973375,0.856739,1.03335,2677.75,663.902,2620,2304,3007
1.413,0.973715,0.40993,0.97352,0.856739,1.03341,2715.4,1344.87,2618,2298,3003
1.416,0.973291,0.411078,0.973375,0.856421,1.03341,2660.15,729.769,2598,2294,2982
1.419,0.973395,0.411492,0.973112,0.856007,1.03341,2640.93,518.466,2589,2278,2983
1.422,0.974164,0.411795,0.973112,0.856421,1.03314,2711.31,1531.79,2578,2276,2986
1.425,0.974537,0.41556,0.973023,0.85565,1.03314,2710.79,1654.79,2573,2266,2974
1.428,0.976042,0.41642,0.973258,0.855818,1.03341,2651.37,1308.78,2562,2261,2959
1.431,0.976177,0.41801,0.973258,0.856007,1.03403,2629.46,790.245,2564,2251,2956
1.434,0.975092,0.415997,0.973112,0.85565,1.0343,2612.49,592.906,2552,2249,2940
1.437,0.973712,0.416251,0.971763,0.852789,1.0343,2589.38,514.595,2550,2247,2928
1.44,0.972492,0.415959,0.972355,0.851789,1.03403,2593.42,605.99,2539,2235,2922
1.443,0.97365,0.420413,0.972355,0.849097,1.03471,2717.42,2335.52,2548,2230,2917
1.446,0.973273,0.421486,0.972355,0.84622,1.03526,2688.48,1731.13,2531,2225,2914
1.449,0.972422,0.424531,0.971763,0.846149,1.03526,2657.55,2338.06,2525,2203,2902
1.452,0.968499,0.416807,0.970315,0.845858,1.03395,2572.56,823.251,2507,2201,2896
1.455,0.968718,0.417128,0.971577,0.843606,1.03471,2552.99,533.133,2501,2195,2897
1.458,0.967312,0.418166,0.968994,0.838931,1.03471,2641.84,1969.17,2490,2183,2896
1.461,0.960018,0.344215,0.969455,0.833717,1.0353,2533.72,524.007,2483,2171,2882
1.464,0.959326,0.344194,0.968863,0.832371,1.03599,2577.85,1415.32,2469,2163,2879
1.467,0.959011,0.349765,0.968055,0.829842,1.03599,2691.79,4308.39,2463,2162,2867
1.47,0.959396,0.351137,0.968565,0.832272,1.03673,2526.2,665.541,2463,2158,2858
1.473,0.958788,0.352983,0.968684,0.829842,1.03673,2523.06,691.984,2449,2135,2834
1.476,0.95822,0.3552,0.968055,0.828947,1.03669,2546.01,1352.93,2453,2142,2830
1.479,0.958268,0.356605,0.968055,0.828947,1.03673,2622.12,2370.93,2447,2131,2816
1.482,0.958979,0.355322,0.968638,0.832272,1.03684,2554.98,1761.45,2436,2132,2803
1.485,0.960605,0.359677,0.968684,0.830427,1.04058,2513.79,892.948,2434,2118,2803
1.488,0.961152,0.359733,0.968994,0.832272,1.04125,2493.21,850.604,2423,2110,2781
1.491,0.962528,0.369317,0.968684,0.832272,1.04194,2541.84,1715.75,2417,2100,2769
1.494,0.963768,0.37292,0.969455,0.832371,1.04392,2473.39,879.211,2413,2093,2757
1.497,0.964296,0.379727,0.970209,0.832272,1.04563,2447.27,607.341,2399,2080,2751
1.5,0.965534,0.383726,0.969455,0.832339,1.04563,2508.56,1735.93,2386,2087,2744
1.503,0.967703,0.3871,0.972228,0.833717,1.04578,2504.15,1575.61,2385,2074,2744
1.506,0.967924,0.388091,0.970239,0.832339,1.04651,2443.05,1283.69,2368,2064,2737
1.509,0.971534,0.400521,0.970209,0.832272,1.04685,2411.44,576.536,2366,2060,2728
1.512,0.972058,0.404414,0.972228,0.832272,1.04998,2436.12,1283.58,2361,2055,2714
1.515,0.971028,0.404531,0.969455,0.829842,1.04998,2444.4,1083.21,2359,2054,2702
1.518,0.971071,0.407062,0.968863,0.832272,1.04651,2424.25,1337.6,2346,2041,2697
1.521,0.973638,0.415846,0.970209,0.827416,1.04976,2389.51,941.274,2336,2043,2683
1.524,0.977075,0.468112,0.970239,0.827416,1.04998,2416.44,1565.5,2332,2035,2681
1.527,0.978351,0.471076,0.971261,0.827416,1.0533,2406.8,1403.65,2311,2030,2658
1.53,0.974131,0.473643,0.971261,0.819563,1.05172,2380.25,1040.77,2310,2023,2660
1.533,0.971641,0.476755,0.970209,0.815287,1.05463,2359.76,1192.95,2300,2015,2636
1.536,0.971112,0.477637,0.968055,0.814612,1.05172,2326.85,648.836,2297,2011,2629
1.539,0.968576,0.477941,0.967552,0.81403,1.05341,2378.8,1783.89,2286,2007,2619
1.542,0.9675,0.478371,0.967552,0.811163,1.05463,2342.67,1341.15,2289,1999,2605
1.545,0.96262,0.482282,0.966545,0.804679,1.05463,2374.04,1834.71,2275,1984,2599
1.548,0.960995,0.482821,0.9646,0.802308,1.05463,2388.77,2405.69,2268,1985,2579
1.551,0.957691,0.485415,0.9646,0.795106,1.05463,2352.34,1968.48,2263,1982,2570
1.554,0.954958,0.486146,0.964409,0.789365,1.05463,2248.05,593.574,2259,1976,2571
1.557,0.953098,0.486579,0.963437,0.784958,1.04998,2320.64,1793.2,2248,1967,2562
1.56,0.952336,0.486969,0.96382,0.783617,1.04976,2395.6,2534.74,2250,1969,2570
1.563,0.951387,0.487843,0.963084,0.779929,1.04998,2260.65,1220.17,2240,1963,2555
1.566,0.953986,0.498502,0.963437,0.779929,1.04998,2218.75,601.198,2234,1966,2551
1.569,0.953659,0.500968,0.964062,0.774312,1.05246,2229.39,756.891,2230,1958,2544
1.572,0.953503,0.500891,0.963437,0.775906,1.05172,2202.53,593.759,2216,1951,2531
1.575,0.950973,0.502378,0.961513,0.773553,1.04976,2199.27,611.346,2220,1951,2520
1.578,0.95045,0.504651,0.961513,0.771427,1.05172,2191.43,605.852,2211,1947,2513
1.581,0.948164,0.506461,0.961451,0.76762,1.05172,2232.25,1177.84,2206,1935,2512
1.584,0.949855,0.50903,0.96126,0.76762,1.05246,2227.04,1628.4,2193,1933,2498
1.587,0.946393,0.508716,0.957824,0.76046,1.05033,2191.29,1288.18,2187,1928,2484
1.59,0.941199,0.458675,0.957824,0.76046,1.04998,2309.03,2301.83,2180,1923,2489
1.593,0.939601,0.459683,0.957824,0.752519,1.04976,2196.98,1529.89,2172,1915,2478
1.596,0.935804,0.461365,0.954878,0.732153,1.04651,2187.28,1454.1,2165,1905,2469
1.599,0.933656,0.465758,0.95265,0.728487,1.04526,2128.29,693.219,2157,1902,2455
1.602,0.933631,0.466464,0.952568,0.726462,1.04651,2128.52,950.84,2156,1894,2446
1.605,0.928051,0.46932,0.949919,0.721461,1.04537,2191.82,1737.83,2153,1898,2441
1.608,0.927956,0.476472,0.949745,0.715301,1.04537,2228.47,3020.42,2149,1883,2427
1.611,0.926778,0.476889,0.950124,0.715301,1.04537,2076.05,642.644,2144,1883,2422
1.614,0.921985,0.475995,0.949745,0.707695,1.04526,2127.35,1469.72,2134,1876,2422
1.617,0.921631,0.479889,0.949387,0.705708,1.04467,2075.11,844.303,2139,1876,2407
1.62,0.945241,1.01307,0.948507,0.704874,1.04205,2083.78,1261.87,2131,1869,2399
1.623,0.945007,1.0153,0.945141,0.703036,1.04205,2112.77,1913.52,2116,1863,2396
1.626,0.943114,1.01362,0.945043,0.697759,1.04289,2035.36,682.01,2115,1864,2379
1.629,0.939621,1.0149,0.941589,0.69399,1.04289,2093.87,2329.69,2113,1851,2381
1.632,0.937064,1.01668,0.940484,0.686248,1.04125,2039.14,915.994,2102,1843,2379
1.635,0.935837,1.01734,0.940387,0.683667,1.04289,1999.93,660.627,2093,1842,2364
1.638,0.933404,1.018,0.940246,0.680848,1.04205,1993.19,665.306,2090,1835,2362
1.641,0.931666,1.01861,0.939828,0.677695,1.04205,1993.79,686.753,2082,1824,2358
1.644,0.930128,1.02108,0.938209,0.675267,1.04205,2003.79,1032.16,2078,1822,2351
1.647,0.925215,1.02204,0.935732,0.656737,1.04427,1974.38,746.293,2064,1806,2342
1.65,0.92141,1.02278,0.93272,0.651173,1.04125,2040.2,1950.76,2061,1805,2338
1.653,0.919799,1.02322,0.932105,0.644057,1.04125,1996.91,1393.7,2061,1803,2333
1.656,0.92005,1.02638,0.930122,0.637241,1.04125,2031.74,2007.25,2057,1793,2317
1.659,0.918465,1.02638,0.928078,0.637241,1.03971,1947.4,808.728,2049,1792,2308
1.662,0.91544,1.02519,0.927491,0.626686,1.03971,2133.85,4389.03,2049,1781,2305
1.665,0.916205,1.02584,0.9278,0.619955,1.04088,1931.65,819.661,2038,1775,2289
1.668,0.912826,1.02635,0.927491,0.613104,1.03971,1904.45,701.206,2039,1771,2277
1.671,0.90759,1.02827,0.922336,0.594394,1.03865,1916.09,1305.33,2025,1755,2272
1.674,0.901241,1.02486,0.918888,0.588356,1.03891,1870.42,712.99,2015,1743,2264
1.677,0.899468,1.02549,0.916096,0.581131,1.03971,1858.11,704.497,2012,1746,2258
1.68,0.897786,1.02577,0.913965,0.58111,1.03891,1849.67,741.762,1999,1714,2251
1.683,0.896931,1.02635,0.913329,0.577363,1.03971,1869.08,1299.65,1995,1714,2243
1.686,0.892689,1.02727,0.909411,0.56663,1.04088,1833.48,774.686,1987,1685,2236
1.689,0.892817,1.03438,0.906031,0.558851,1.04088,1897.67,2531.41,1974,1662,2230
1.692,0.890932,1.03484,0.904388,0.557763,1.03971,1842.96,1384.64,1971,1650,2221
1.695,0.885722,1.03023,0.903537,0.557041,1.03691,1876.81,1615.65,1964,1633,2217
1.698,0.882259,1.03093,0.896715,0.549448,1.03691,1821.82,1193.54,1962,1614,2213
1.701,0.881216,1.03056,0.892819,0.549448,1.03865,1820.31,1368.81,1962,1610,2207
1.704,0.879371,1.03115,0.892525,0.540579,1.03865,1775.29,824.413,1956,1601,2198
1.707,0.878298,1.0315,0.891374,0.54055,1.03891,1755.73,741.406,1954,1583,2190
1.71,0.87666,1.0326,0.889263,0.537622,1.03971,1756.73,782.144,1948,1574,2186
1.713,0.873536,1.03331,0.885051,0.529848,1.03865,1772.55,1465.3,1947,1559,2181
1.716,0.873051,1.03417,0.884543,0.520143,1.03865,1736.23,794.173,1941,1529,2170
1.719,0.870984,1.03836,0.87703,0.510765,1.03614,1763.22,1360.21,1938,1477,2165
1.722,0.866759,1.03876,0.870856,0.504641,1.03298,1739.31,1065.46,1929,1419,2166
1.725,0.867854,1.04692,0.87072,0.49991,1.03298,1758.2,1563.69,1922,1379,2161
1.728,0.866382,1.0479,0.869343,0.495652,1.0324,1776.7,1974.52,1921,1368,2161
1.731,0.864007,1.04783,0.865769,0.49106,1.03119,1684.68,744.988,1914,1346,2154
1.734,0.860496,1.04936,0.85803,0.484018,1.03025,1677,747.164,1912,1299,2154
1.737,0.859169,1.04975,0.857022,0.482233,1.03045,1721.69,1246.17,1903,1297,2151
1.74,0.857719,1.04996,0.856763,0.478216,1.03025,1689.74,1002.45,1907,1294,2146
1.743,0.858867,1.05381,0.856723,0.477457,1.03025,1757.64,2292.49,1902,1264,2145
1.746,0.856444,1.05418,0.853629,0.473582,1.0298,1689.34,1433.59,1896,1268,2144
1.749,0.849718,1.05379,0.8429,0.465289,1.0259,1655.45,940.666,1889,1208,2132
1.752,0.846636,1.05423,0.840044,0.46193,1.02441,1647.94,862.876,1878,1208,2135
1.755,0.844323,1.05557,0.839279,0.457973,1.02388,1736.5,2268.09,1874,1168,2127
1.758,0.824219,0.6659,0.832339,0.456205,1.02362,1652.2,1081.92,1869,1168,2119
1.761,0.82237,0.668043,0.829648,0.448008,1.02362,1641.38,1076.68,1865,1147,2113
1.764,0.820931,0.668772,0.827317,0.44528,1.02385,1623.85,951.605,1863,1137,2107
1.767,0.820259,0.673984,0.823174,0.440663,1.02362,1639.09,1175.96,1856,1059,2103
1.77,0.817948,0.6745,0.815296,0.439639,1.0228,1605.12,949.828,1857,1027,2096
1.773,0.814786,0.674958,0.81203,0.42812,1.02152,1640.33,1545.73,1849,1001,2095
1.776,0.818677,0.683247,0.809378,0.42812,1.02362,1715.08,2400.48,1847,999,2091
1.779,0.817287,0.684247,0.809241,0.425795,1.02362,1598.04,1293.07,1839,981,2084
1.782,0.819127,0.690882,0.804823,0.423667,1.02362,1574.92,992.734,1837,975,2080
1.785,0.81607,0.691952,0.804054,0.413104,1.0228,1566.68,904.393,1826,961,2076
1.788,0.813098,0.693207,0.800538,0.411189,1.02138,1542.08,769.579,1828,959,2074
1.791,0.810183,0.693484,0.789861,0.405378,1.02123,1541.46,829.379,1818,940,2066
1.794,0.806569,0.694237,0.785443,0.39368,1.02104,1523.78,786.271,1815,919,2066
1.797,0.807384,0.698167,0.780245,0.393827,1.02123,1505.16,760.518,1803,905,2057
1.8,0.808946,0.705403,0.775821,0.39368,1.01957,1552.36,1570.64,1799,889,2054
1.803,0.809296,0.710302,0.774043,0.392108,1.01666,1535.17,1525.34,1797,890,2058
1.806,0.805681,0.710746,0.770396,0.391171,1.01666,1511.12,1172.69,1786,889,2044
1.809,0.803707,0.710444,0.768162,0.386788,1.01646,1478.33,762.307,1779,889,2049
1.812,0.801931,0.711597,0.76597,0.377421,1.01615,1477.33,806.984,1773,879,2038
1.815,0.800853,0.712291,0.764713,0.376999,1.0149,1470.2,810.578,1770,858,2039
1.818,0.79916,0.713156,0.761739,0.374098,1.01483,1452.62,762.383,1766,723,2035
1.821,0.798845,0.71432,0.759455,0.374098,1.0149,1446.52,762.032,1759,714,2032
1.824,0.796248,0.715173,0.757761,0.367408,1.01483,1490.56,1454.02,1758,701,2029
1.827,0.79512,0.715466,0.756679,0.363645,1.01349,1440.18,804.883,1749,699,2025
1.83,0.793285,0.715625,0.756679,0.360411,1.01264,1436.7,827.184,1746,698,2024
1.833,0.791079,0.715658,0.742535,0.359725,1.01264,1460.95,1594.36,1738,695,2024
1.836,0.791814,0.719347,0.741013,0.359725,1.01349,1425.48,797.483,1741,696,2021
1.839,0.792559,0.724836,0.739227,0.359725,1.01349,1495.72,1895.24,1745,685,2018
1.842,0.788763,0.71895,0.73874,0.358746,1.01264,1456.12,1432.5,1717,680,2011
1.845,0.788055,0.719642,0.73874,0.357264,1.01264,1400.59,766.261,1717,679,2006
1.848,0.786095,0.719255,0.733009,0.357072,1.01077,1457.33,1608.69,1700,677,2005
1.851,0.786048,0.719559,0.733009,0.357072,1.01264,1389,762.588,1707,676,1998
1.854,0.783929,0.720293,0.728,0.348964,1.01077,1398.48,922.021,1691,647,1994
1.857,0.782153,0.721787,0.724317,0.346452,1.00871,1396.05,1001.67,1688,645,1982
1.86,0.778437,0.715744,0.721581,0.346452,1.00542,1371.46,761.195,1686,642,1986
1.863,0.778877,0.716355,0.723026,0.341301,1.00871,1401.28,1363.87,1681,641,1978
1.866,0.776291,0.717192,0.72068,0.339732,1.00542,1366.3,780.985,1678,629,1981
1.869,0.776113,0.720699,0.717692,0.335427,1.00542,1369.09,952.767,1668,625,1972
1.872,0.775929,0.702816,0.718143,0.330821,1.00871,1341.78,765.161,1647,613,1968
1.875,0.773462,0.703592,0.717692,0.328073,1.00542,1346.38,807.255,1649,599,1971
1.878,0.771975,0.703738,0.715301,0.324989,1.00542,1328.47,770.717,1626,601,1964
1.881,0.772306,0.7055,0.713876,0.324098,1.00542,1325.32,769.14,1629,596,1964
1.884,0.769157,0.705484,0.707695,0.316549,1.00453,1316.61,766.899,1622,583,1958
1.887,0.767903,0.706288,0.705708,0.314219,1.00542,1320.32,799.078,1618,411,1958
1.89,0.768834,0.718535,0.699974,0.31064,1.00304,1333.93,1111.85,1604,401,1952
1.893,0.770836,0.740321,0.698196,0.30862,1.00304,1297.83,773.025,1598,400,1954
1.896,0.769153,0.740704,0.696558,0.30862,1.00157,1294.16,800.304,1583,399,1945
1.899,0.767402,0.741802,0.69157,0.308168,1.00087,1314.45,1308.47,1578,400,1948
1.902,0.765752,0.745443,0.689314,0.306101,1.00081,1281.17,793.758,1537,399,1941
1.905,0.765826,0.747929,0.683293,0.305595,1.00081,1300.25,1096.67,1461,399,1939
1.908,0.763449,0.748436,0.679949,0.305233,1.00081,1258.61,767.999,1447,398,1940
1.911,0.760557,0.750227,0.665628,0.301557,1.00049,1279,1137.02,1387,397,1938
1.914,0.761324,0.755145,0.661249,0.301589,1.00039,1239.77,778.779,1369,397,1922
1.917,0.755844,0.753837,0.65615,0.297644,0.99871,1227.05,767.775,1318,397,1925
1.92,0.756278,0.757233,0.654323,0.297644,0.998818,1228.08,806.547,1306,397,1918
1.923,0.753893,0.757789,0.654151,0.294647,0.995025,1227.3,809.054,1301,397,1920
1.926,0.752538,0.758461,0.648695,0.289461,0.994911,1246.39,1401.47,1281,397,1914
1.929,0.749081,0.755169,0.646078,0.288963,0.993605,1270.41,1486.05,1278,396,1916
1.932,0.761764,0.829941,0.644057,0.288963,0.993605,1237.87,1447.17,1268,396,1907
1.935,0.761498,0.829626,0.638994,0.286525,0.993605,1217.44,985.979,1264,396,1907
1.938,0.760384,0.832258,0.629208,0.283551,0.993576,1184.01,765.145,1216,395,1901
1.941,0.761125,0.83874,0.629208,0.283544,0.991718,1178.26,762.971,1210,395,1896
1.944,0.756408,0.838245,0.621636,0.281076,0.986238,1185.2,883.978,1197,395,1889
1.947,0.755654,0.838616,0.619955,0.27984,0.988399,1183.85,971.826,1169,395,1886
1.95,0.750721,0.83782,0.60365,0.270109,0.981358,1152.26,760.947,1164,395,1879
1.953,0.752594,0.847749,0.601083,0.269075,0.981025,1209.67,1582.6,1142,393,1876
1.956,0.753396,0.85807,0.598665,0.264762,0.980723,1144.91,843.718,1126,380,1873
1.959,0.745348,0.839189,0.593307,0.26374,0.980348,1173.78,1554.55,1059,370,1868
1.962,0.744559,0.839932,0.589302,0.26374,0.979792,1134.6,1017.59,1018,368,1859
1.965,0.740431,0.839177,0.588311,0.261382,0.978772,1176.79,1894.58,999,367,1841
1.968,0.738944,0.837725,0.587585,0.259659,0.978772,1098.41,763.204,994,368,1834
1.971,0.737981,0.838002,0.587585,0.259342,0.978772,1094.75,759.949,993,367,1837
1.974,0.735703,0.838526,0.583178,0.257395,0.977942,1087.68,759.919,982,367,1836
1.977,0.734757,0.838769,0.582224,0.25224,0.977942,1122.62,1436.01,980,367,1828
1.98,0.733634,0.838008,0.580852,0.254432,0.977341,1094.07,1018.83,979,366,1823
1.983,0.727749,0.829187,0.576497,0.254432,0.976188,1092.36,1077.8,977,366,1822
1.986,0.726755,0.829408,0.571569,0.25224,0.976188,1066.22,754.169,978,366,1820
1.989,0.725496,0.829598,0.569571,0.25143,0.976188,1061.55,755.402,976,366,1822
1.992,0.723428,0.829636,0.562648,0.249605,0.973355,1053.02,753.072,973,365,1814
1.995,0.721241,0.830121,0.562165,0.245227,0.971954,1065.39,1029.14,941,365,1802
1.998,0.718437,0.829103,0.560106,0.245227,0.970055,1036.48,749.605,939,365,1802
2.001,0.715425,0.828183,0.55849,0.242764,0.96886,1031.33,749.479,918,365,1796
2.004,0.713449,0.828248,0.557527,0.242365,0.967423,1030.28,774.416,908,365,1791
2.007,0.709611,0.825756,0.557527,0.242162,0.961079,1014.33,746.633,904,364,1785
2.01,0.708619,0.824454,0.557527,0.242162,0.961079,1052.74,1429.53,903,352,1791
2.013,0.706191,0.824963,0.551192,0.240639,0.957825,1047.24,1507.61,894,352,1776
2.016,0.706376,0.826064,0.548564,0.240369,0.957825,1000.02,751.684,886,350,1776
2.019,0.705567,0.827954,0.544422,0.240369,0.957825,1008.65,863.623,886,350,1774
2.022,0.702709,0.82725,0.543632,0.237826,0.954886,994.846,781.217,877,349,1774
2.025,0.698625,0.824793,0.540976,0.237826,0.952243,980.959,742.918,876,349,1756
2.028,0.698837,0.824842,0.540976,0.233303,0.952243,978.858,743.577,862,349,1757
2.031,0.697445,0.827049,0.537622,0.233303,0.942058,981.494,807.106,860,349,1755
2.034,0.696952,0.827683,0.536489,0.232636,0.94083,1017.48,1414.35,859,348,1747
2.037,0.699099,0.842182,0.530389,0.232167,0.942058,995.193,1262.21,845,349,1750
2.04,0.70443,0.8556,0.530389,0.232167,0.942058,978.741,945.47,846,348,1737
2.043,0.703471,0.856379,0.528787,0.231512,0.938941,973.975,951.78,840,348,1741
2.046,0.703458,0.856148,0.528787,0.231512,0.939777,1019.34,1748.96,735,347,1735
2.049,0.695418,0.830914,0.528787,0.231172,0.938941,989.902,1346.43,718,347,1722
2.052,0.693809,0.830778,0.527514,0.231172,0.936812,941.653,735.142,700,347,1712
2.055,0.692187,0.831118,0.522532,0.2289,0.933893,969.414,1076.7,700,347,1719
2.058,0.690315,0.831356,0.520143,0.224241,0.931873,1014.42,1702.25,699,346,1705
2.061,0.689654,0.8309,0.518377,0.224223,0.93078,967.835,1450.86,698,137,1691
2.064,0.686196,0.831153,0.511787,0.223851,0.9278,917.648,729.802,698,132,1655
2.067,0.689494,0.849725,0.511683,0.223851,0.924718,955.601,1570.64,696,115,1647
2.07,0.688517,0.850893,0.505369,0.223443,0.923235,920.438,898.798,695,117,1632
2.073,0.692276,0.857103,0.505369,0.223443,0.923235,963.004,1502.8,684,116,1619
2.076,0.692876,0.86031,0.502581,0.223443,0.922571,892.941,724.889,681,115,1613
2.079,0.692723,0.864529,0.500147,0.223443,0.9167,897.554,823.352,681,115,1600
2.082,0.693169,0.864373,0.502375,0.223851,0.9167,896.177,867.693,680,114,1593
2.085,0.693053,0.86446,0.502375,0.223851,0.9167,883.342,729.41,679,114,1592
2.088,0.693958,0.866844,0.502375,0.223851,0.9167,894.506,910.972,680,114,1595
2.091,0.693422,0.867574,0.497712,0.223443,0.916096,919.696,1657.06,677,114,1559
2.094,0.688102,0.85795,0.494878,0.222326,0.915981,892.088,1179.87,675,114,1548
2.097,0.687191,0.858241,0.49442,0.222214,0.915981,854.055,714.706,647,114,1518
2.1,0.687328,0.857929,0.494685,0.222326,0.915981,886.06,1363.39,646,114,1495
2.103,0.68794,0.858031,0.494878,0.222326,0.913854,853.344,781.629,645,114,1446
2.106,0.678981,0.814299,0.49442,0.223115,0.904104,838.646,707.778,645,114,1425
2.109,0.677414,0.813565,0.49442,0.222326,0.899135,881.491,1373.93,643,114,1421
2.112,0.684151,0.85637,0.493464,0.222326,0.904104,874.382,1497.22,642,114,1419
2.115,0.682798,0.856679,0.492503,0.222214,0.899135,854.713,983.389,630,114,1418
2.118,0.679247,0.858582,0.489505,0.22034,0.892186,825.569,732.464,628,114,1373
2.121,0.678137,0.856888,0.489505,0.22034,0.891442,871.546,1462.37,627,114,1400
2.124,0.682342,0.872232,0.489053,0.22034,0.891407,821.337,744.189,627,114,1318
2.127,0.680618,0.873121,0.482183,0.220336,0.885466,865.537,1628.19,626,114,1300
2.13,0.677379,0.868638,0.482142,0.220336,0.878079,798.461,691.043,625,114,1291
2.133,0.676258,0.868542,0.481788,0.21885,0.876916,863.273,1797.12,626,114,1278
2.136,0.676741,0.869206,0.481788,0.21885,0.873942,792.355,691.431,615,114,1284
2.139,0.675672,0.869108,0.481221,0.215776,0.873895,785.065,686.236,614,113,1261
2.142,0.677191,0.876217,0.480957,0.215329,0.873764,782.04,684.434,613,114,1262
2.145,0.67709,0.876432,0.478052,0.215329,0.871385,785.557,723.086,613,114,1258
2.148,0.676404,0.876409,0.477105,0.215329,0.870029,781.328,716.899,611,114,1243
2.151,0.679385,0.886893,0.476607,0.214945,0.870029,774.397,691.431,612,114,1235
2.154,0.679493,0.886898,0.477105,0.214945,0.870029,765.818,679.205,609,113,1205
2.157,0.679209,0.886795,0.477105,0.214945,0.865707,769.755,733.492,599,113,1196
2.16,0.680397,0.887186,0.477105,0.214945,0.865707,757.366,674.565,598,114,1190
2.163,0.680338,0.887007,0.477543,0.214945,0.865707,756.131,689.168,596,114,1175
2.166,0.678892,0.88653,0.477543,0.215329,0.861626,746.733,668.614,596,113,1156
2.169,0.705312,1.19771,0.478052,0.215329,0.862452,786.787,1535.51,595,113,1156
2.172,0.704461,1.19855,0.477543,0.214945,0.856763,739.127,666.149,594,113,1139
2.175,0.705773,1.20042,0.477105,0.215329,0.856763,735.089,666.044,514,113,1137
2.178,0.704888,1.20026,0.476607,0.215329,0.856723,765.313,1335.01,430,113,1116
2.181,0.697761,1.18687,0.471759,0.214102,0.845706,721.249,659.169,412,113,1105
2.184,0.696039,1.1863,0.471442,0.213879,0.845148,720.083,659.274,416,113,1107
2.187,0.68958,1.16815,0.468491,0.211905,0.840458,713.588,653.255,399,113,1044
2.19,0.690533,1.16888,0.468491,0.211905,0.840458,711.82,651.71,400,113,1021
2.193,0.691112,1.17085,0.467544,0.211065,0.839279,708.835,650.835,399,113,1015
2.196,0.686439,1.16639,0.461854,0.210479,0.838613,702.335,647.628,398,113,1000
2.199,0.684909,1.16649,0.457268,0.209588,0.834342,722.312,889.129,398,113,1007
2.202,0.684643,1.16651,0.457268,0.209541,0.834342,702.319,666.954,398,113,999
2.205,0.685608,1.16807,0.457268,0.209541,0.834342,698.878,659.283,398,113,999
2.208,0.685348,1.16797,0.457268,0.209588,0.832378,727.761,1272.37,398,113,999
2.211,0.687497,1.17124,0.457268,0.209588,0.827317,692.758,653.13,398,113,1005
2.214,0.687413,1.17332,0.448723,0.209541,0.825579,689.425,650.409,398,113,997
2.217,0.684968,1.17228,0.443594,0.209541,0.82345,717.005,1276.86,398,113,999
2.22,0.686055,1.17319,0.440123,0.209588,0.82345,732.582,1360.15,397,113,982
2.223,0.686398,1.17472,0.439787,0.209588,0.82254,705.362,1225.15,397,113,983
2.226,0.686091,1.17479,0.439787,0.209588,0.819797,674.56,635.489,397,113,980
2.229,0.683746,1.1746,0.438305,0.210479,0.816941,706.982,1398.57,397,113,981
2.232,0.687619,1.1819,0.436861,0.209588,0.816941,701.125,1058.71,397,113,981
2.235,0.683178,1.17773,0.43261,0.209541,0.807023,656.582,614.522,397,113,980
2.238,0.682118,1.17778,0.431542,0.209541,0.804054,653.632,611.289,397,113,979
2.241,0.682111,1.18001,0.431536,0.208119,0.802124,649.662,616.008,397,113,977
2.244,0.682322,1.18,0.431536,0.208119,0.802259,646.672,611.683,397,113,978
2.247,0.683922,1.18068,0.431542,0.208119,0.804054,682.283,1315.55,396,113,974
2.25,0.683581,1.18158,0.431429,0.207512,0.804054,674.984,1032.87,396,113,963
2.253,0.679969,1.17217,0.430267,0.207512,0.807023,634.352,602.07,396,113,962
2.256,0.679629,1.17259,0.42978,0.205762,0.804054,672.065,1329.02,396,113,962
2.259,0.678468,1.17267,0.429599,0.205243,0.802124,703.725,1847.83,396,113,939
2.262,0.674928,1.16675,0.427954,0.205243,0.801415,621.826,592.158,396,113,923
2.265,0.674168,1.16681,0.426034,0.205199,0.798756,618.521,587.607,396,113,924
2.268,0.665454,1.13438,0.427954,0.205199,0.795144,613.002,584.662,396,113,921
2.271,0.665138,1.13427,0.427954,0.205199,0.795144,606.49,580.112,396,113,915
2.274,0.667616,1.13464,0.429599,0.205243,0.801415,604.778,579.284,395,113,914
2.277,0.667989,1.13481,0.429599,0.205243,0.801415,640.732,1332.27,395,113,906
2.28,0.673798,1.14751,0.427954,0.205243,0.798756,618.568,795.132,395,113,905
2.283,0.676814,1.15081,0.427954,0.205243,0.797976,592.553,567.229,395,113,906
2.286,0.677074,1.15074,0.427954,0.205762,0.797976,591.722,568.187,395,113,905
2.289,0.674563,1.14734,0.427954,0.205762,0.797976,595.617,605.384,396,113,904
2.292,0.675278,1.14805,0.427954,0.205762,0.797976,634.584,1628.78,395,113,904
2.295,0.674836,1.14627,0.429599,0.207512,0.798756,632.759,1682.96,395,113,904
2.298,0.675974,1.14735,0.429599,0.208119,0.798756,579.308,559.877,394,113,902
2.301,0.674644,1.14677,0.426034,0.207512,0.798756,625.597,1346.18,395,113,905
2.304,0.685918,1.20214,0.425795,0.208346,0.797976,596.292,860.353,394,113,890
2.307,0.686073,1.20217,0.426034,0.208346,0.797976,581.917,784.602,393,113,890
2.31,0.686213,1.20226,0.426034,0.208346,0.797976,581.317,802.751,393,113,889
2.313,0.685027,1.19933,0.426034,0.208346,0.797976,571.589,617.62,393,113,887
2.316,0.688721,1.20273,0.426034,0.208346,0.801415,557.751,544.061,385,113,878
2.319,0.690482,1.20314,0.427954,0.208346,0.807023,554.064,540.674,368,113,876
2.322,0.694571,1.20699,0.42978,0.209541,0.816941,566.61,792.745,368,113,862
2.325,0.695498,1.20705,0.42978,0.210479,0.816941,547.51,537.621,368,113,862
2.328,0.695583,1.20701,0.42978,0.210479,0.816941,583.324,1306.8,368,113,862
2.331,0.695081,1.20713,0.427954,0.210479,0.816941,600.31,1630.32,367,113,860
2.334,0.694092,1.20724,0.427954,0.209541,0.813735,546.672,556.6,367,113,861
2.337,0.695014,1.20723,0.427954,0.210479,0.818866,538.957,532.507,367,113,859
2.34,0.695204,1.20716,0.426034,0.211065,0.818866,535.272,529.184,367,113,843
2.343,0.701402,1.22254,0.426034,0.211065,0.82345,535.89,538.631,366,113,842
2.346,0.701424,1.22253,0.426034,0.211065,0.82345,531.088,525.128,367,113,723
2.349,0.700326,1.2231,0.425288,0.209541,0.816941,528.205,521.989,367,113,704
2.352,0.695322,1.18658,0.425288,0.209541,0.816941,527.485,519.66,366,113,718
2.355,0.694287,1.18657,0.425243,0.209541,0.807023,530.058,547.156,367,113,715
2.358,0.69628,1.1869,0.425795,0.210479,0.813735,524.106,518.299,366,113,701
2.361,0.696375,1.18696,0.425243,0.210479,0.813735,601.092,2354.09,367,113,700
2.364,0.696433,1.18693,0.425243,0.210479,0.813735,556.343,1225.38,366,113,700
2.367,0.697122,1.18691,0.425795,0.210479,0.816941,519.841,514.408,366,113,700
2.37,0.699559,1.18951,0.425795,0.210479,0.818866,575.573,1735.57,366,113,701
2.373,0.699485,1.18924,0.425795,0.210479,0.818866,518.432,513.574,366,113,701
2.376,0.699192,1.18926,0.425243,0.210479,0.816941,515.076,510.838,365,112,698
2.379,0.699812,1.1891,0.425795,0.211065,0.816941,511.796,509.041,366,112,697
2.382,0.701777,1.19003,0.426034,0.211065,0.82254,513.185,519.376,366,112,698
2.385,0.704693,1.19405,0.427954,0.211065,0.82345,552.145,1544.37,366,113,698
2.388,0.707646,1.19879,0.427954,0.211065,0.824197,503.926,500.924,365,112,697
2.391,0.708386,1.199,0.427954,0.211065,0.825579,565.237,2080.36,365,113,696
2.394,0.708925,1.19907,0.427954,0.211065,0.828921,506.47,527.972,365,113,696
2.397,0.70966,1.19894,0.42978,0.211065,0.828921,497.943,498.879,365,113,695
2.4,0.716208,1.22552,0.430267,0.212255,0.835004,499.196,513.334,365,113,695
2.403,0.717044,1.22544,0.431429,0.212255,0.836288,493.444,496.386,364,112,695
2.406,0.717172,1.22541,0.431536,0.212255,0.836288,493.794,498.12,364,113,695
2.409,0.717266,1.22539,0.431536,0.212255,0.836288,492.754,496.897,365,112,694
2.412,0.718689,1.22489,0.433391,0.212255,0.839279,490.073,494.581,365,112,694
2.415,0.719021,1.22474,0.433391,0.213879,0.839279,508.895,814.223,364,113,693
2.418,0.694785,0.925326,0.433391,0.213879,0.839279,487.776,490.265,365,113,693
2.421,0.695226,0.925383,0.433391,0.214102,0.842299,485.232,488.613,363,113,682
2.424,0.695773,0.925619,0.433391,0.214102,0.842299,517.58,1149.55,362,113,683
2.427,0.695058,0.925665,0.431542,0.214102,0.839279,483.454,487.456,364,112,681
2.43,0.694203,0.925779,0.431536,0.213879,0.838613,481.091,484.261,363,112,680
2.433,0.696483,0.927843,0.431536,0.213879,0.839279,479.34,483.568,352,112,681
2.436,0.696129,0.927769,0.431429,0.214102,0.838613,477.162,481.4,352,113,679
2.439,0.696873,0.927648,0.431536,0.214102,0.838613,516.995,1392.73,351,113,681
2.442,0.697396,0.928438,0.431429,0.214102,0.838613,472.033,479.219,351,112,679
2.445,0.698083,0.929285,0.431429,0.214945,0.838613,470.594,477.769,351,112,678
2.448,0.698074,0.929166,0.431536,0.214945,0.836288,502.268,1187.31,350,112,679
2.451,0.701516,0.936691,0.431536,0.214945,0.836288,467.664,474.609,350,112,677
2.454,0.702627,0.93755,0.431536,0.214945,0.836288,596.323,3103.24,350,112,679
2.457,0.703319,0.937485,0.431542,0.214945,0.838613,465.847,478.046,350,112,677
2.46,0.704365,0.939399,0.431542,0.214945,0.838613,464.893,472.398,350,112,677
2.463,0.707592,0.942221,0.431542,0.214945,0.845148,463.888,474.091,349,112,676
2.466,0.711706,0.950603,0.431542,0.214945,0.845148,463.113,471.7,350,112,676
2.469,0.71282,0.951092,0.433391,0.214945,0.845148,510.704,1526.4,349,112,676
2.472,0.71344,0.950916,0.433391,0.215329,0.845148,483.028,931.254,349,112,657
2.475,0.714047,0.950943,0.434757,0.215329,0.845706,457.765,465.892,349,112,664
2.478,0.71328,0.948927,0.436039,0.215329,0.845706,451.838,457.333,349,112,647
2.481,0.716993,0.95129,0.436861,0.215776,0.859942,452.568,477.038,348,112,645
2.484,0.716993,0.95129,0.436861,0.215776,0.859942,448.435,456.438,349,112,645
2.487,0.7203,0.955849,0.436861,0.218017,0.862184,450.452,460.077,349,112,646
2.49,0.722985,0.958697,0.438305,0.218017,0.863568,445.287,453.906,348,112,645
2.493,0.724165,0.960232,0.438305,0.218017,0.862452,442.438,450.94,349,112,645
2.496,0.725363,0.960997,0.439451,0.21885,0.862452,460.113,788.992,348,112,644
2.499,0.729208,0.966449,0.439451,0.21885,0.863568,438.707,447.234,348,112,643
2.502,0.729283,0.966409,0.439451,0.22034,0.863568,439.285,448.412,348,112,642
2.505,0.729065,0.965587,0.439639,0.22034,0.863568,436.689,446.125,348,112,642
2.508,0.730576,0.965595,0.440123,0.22034,0.87168,434.45,444.413,348,112,640
2.511,0.730576,0.965595,0.440123,0.22034,0.87168,434.4,444.051,348,112,630
2.514,0.73166,0.966176,0.440123,0.22034,0.872005,435.749,446.426,348,112,643
2.517,0.732194,0.966089,0.440123,0.222214,0.872005,433.82,448.247,348,112,631
2.52,0.732946,0.966456,0.440123,0.222214,0.873764,474.615,1434.2,348,112,641
2.523,0.734736,0.96995,0.441663,0.22034,0.873764,425.8,435.779,348,112,628
2.526,0.735304,0.970767,0.441663,0.22034,0.873764,424.039,435.459,347,112,628
2.529,0.734583,0.970698,0.441663,0.22034,0.872005,421.142,431.28,347,112,628
2.532,0.737109,0.973858,0.443792,0.22034,0.873764,428.112,454.916,347,112,626
2.535,0.737098,0.974206,0.443792,0.22034,0.872005,415.811,426.725,347,112,626
2.538,0.73574,0.969626,0.443792,0.22034,0.872005,413.111,426.144,346,112,623
2.541,0.73574,0.969626,0.443792,0.22034,0.872005,451.458,1265.73,346,112,626
2.544,0.736685,0.9701,0.443792,0.22034,0.873764,412.051,424.6,346,112,626
2.547,0.737629,0.970339,0.446973,0.222326,0.873764,448.68,1263.39,347,112,624
2.55,0.737873,0.970478,0.446973,0.222326,0.873764,411.42,427.866,346,112,624
2.553,0.73806,0.970435,0.446973,0.222326,0.873764,408.955,422.796,346,112,624
2.556,0.73813,0.97016,0.447144,0.222326,0.873764,411.546,442.018,211,112,616
2.559,0.739669,0.971074,0.447144,0.222326,0.876916,428.615,781.698,187,112,625
2.562,0.742318,0.976152,0.447144,0.222326,0.877808,404.553,420.208,135,112,615
2.565,0.742867,0.976491,0.447144,0.222326,0.877808,403.086,419.171,134,106,614
2.568,0.7445,0.977086,0.449581,0.223443,0.878079,421.83,646.067,128,107,614
2.571,0.742234,0.974894,0.449581,0.223443,0.877808,434.289,1171.07,123,106,613
2.574,0.742243,0.974887,0.449581,0.223443,0.877808,401.765,421.757,117,106,613
2.577,0.742346,0.974818,0.449581,0.223443,0.877808,403.66,442.979,131,107,612
2.58,0.744931,0.977628,0.449581,0.223443,0.878079,403.437,442.27,123,106,612
2.583,0.74512,0.977544,0.457268,0.223443,0.878079,398.002,416.601,116,106,613
2.586,0.746568,0.979102,0.457268,0.223443,0.878079,429.135,860.697,115,106,612
2.589,0.747521,0.979076,0.457659,0.223443,0.879956,396.2,413.31,118,106,612
2.592,0.749685,0.980326,0.457805,0.223443,0.883435,445.455,1332.23,123,107,613
2.595,0.750403,0.98025,0.457805,0.223443,0.885602,403.324,465.209,124,106,612
2.598,0.751678,0.980693,0.459321,0.223443,0.891374,391.415,410.651,115,106,611
2.601,0.754539,0.982244,0.459321,0.223851,0.891442,402.073,566.639,115,106,611
2.604,0.753637,0.98218,0.459321,0.223443,0.891407,387.719,404.015,115,105,610
2.607,0.758541,1.00743,0.461854,0.223851,0.891407,383.495,401.734,115,106,597
2.61,0.764545,1.03508,0.461854,0.223896,0.891407,381.114,398.974,115,106,596
2.613,0.763896,1.0352,0.459321,0.223851,0.891374,378.564,392.696,115,106,595
2.616,0.764427,1.03501,0.461854,0.223896,0.891374,395.831,626.979,115,106,595
2.619,0.769662,1.06954,0.461854,0.223896,0.891407,375.153,388.231,115,105,595
2.622,0.769363,1.06952,0.461854,0.223896,0.891374,392.311,788.934,115,106,547
2.625,0.76948,1.06945,0.461854,0.22408,0.891374,370.76,383.252,115,106,433
2.628,0.770739,1.06951,0.462444,0.22408,0.891442,376.739,450.705,115,106,421
2.631,0.771291,1.06989,0.462444,0.22408,0.891442,370.289,387.473,115,106,420
2.634,0.771214,1.0699,0.462444,0.22408,0.891442,367.53,380.622,115,105,413
2.637,0.771304,1.06985,0.462444,0.22408,0.891442,366.428,380.3,115,106,416
2.64,0.771304,1.06985,0.462444,0.22408,0.891442,399.281,1096.23,115,105,407
2.643,0.771533,1.06983,0.462444,0.22408,0.891442,368.809,392.671,114,106,403
2.646,0.772588,1.06993,0.467544,0.22408,0.891442,365.379,379.573,115,106,406
2.649,0.772588,1.06993,0.467544,0.22408,0.891442,365.095,379.527,114,106,399
2.652,0.777079,1.08086,0.467544,0.22408,0.891442,362.592,374.66,114,105,399
2.655,0.777079,1.08086,0.467544,0.22408,0.891442,367.075,406.809,114,105,403
2.658,0.776248,1.08069,0.467544,0.22408,0.891407,360.769,370.841,115,105,401
2.661,0.777754,1.08097,0.468425,0.22408,0.893245,388.845,985.028,114,105,400
2.664,0.77901,1.08134,0.468425,0.22408,0.893245,375.662,730.789,114,105,399
2.667,0.788335,1.12627,0.468491,0.224109,0.899014,373.886,772.478,114,105,398
2.67,0.789329,1.12618,0.468682,0.224109,0.901464,352.34,364.1,114,105,399
2.673,0.791047,1.12695,0.472551,0.224109,0.907344,378.328,1010.54,114,105,398
2.676,0.793947,1.12888,0.472551,0.224109,0.909411,347.606,358.891,114,105,398
2.679,0.791531,1.12279,0.472551,0.224109,0.915981,346.414,357.033,114,105,398
2.682,0.792733,1.12347,0.472551,0.224223,0.915981,344.811,355.019,114,105,398
2.685,0.796739,1.13045,0.472551,0.224223,0.915981,343.006,353.933,114,105,397
2.688,0.795533,1.12923,0.472551,0.224223,0.915981,343.13,353.617,114,105,398
2.691,0.796498,1.13088,0.472551,0.224223,0.915981,341.963,349.872,114,105,398
2.694,0.797823,1.13283,0.472551,0.224223,0.915981,341.695,351.114,114,105,398
2.697,0.797823,1.13283,0.472551,0.224223,0.915981,343.969,362.46,114,105,398
2.7,0.797633,1.13266,0.472551,0.224223,0.915981,340.044,349.206,114,105,398
2.703,0.798948,1.13387,0.472551,0.224223,0.915981,338.753,346.985,114,105,397
2.706,0.803039,1.14075,0.476607,0.22518,0.915981,336.187,343.031,114,105,398
2.709,0.801536,1.1075,0.476607,0.22518,0.918907,333.05,338.307,114,105,397
2.712,0.802855,1.10893,0.476607,0.22518,0.918907,331.871,336.132,114,105,397
2.715,0.803871,1.10921,0.476607,0.22518,0.921631,339.295,434.456,114,105,397
2.718,0.805576,1.10984,0.476791,0.225853,0.921631,336.421,383.835,114,105,397
2.721,0.806426,1.10979,0.477105,0.225853,0.92449,329.312,334.71,114,105,397
2.724,0.806939,1.10976,0.477105,0.225853,0.929591,328.451,333.431,114,105,397
2.727,0.807186,1.10971,0.478052,0.225853,0.929591,328.135,333.923,114,105,397
2.73,0.81178,1.11943,0.478052,0.226176,0.929591,331.886,390.297,114,105,397
2.733,0.813129,1.11977,0.481221,0.226176,0.930122,323.445,328.627,114,105,397
2.736,0.815316,1.1217,0.481632,0.226176,0.931337,321.559,325.413,114,105,397
2.739,0.81661,1.12302,0.481632,0.226176,0.931873,319.541,323.178,114,105,397
2.742,0.820734,1.12625,0.482142,0.226176,0.938124,315.875,317.43,114,105,396
2.745,0.822862,1.12755,0.483547,0.226176,0.938124,313.869,315.718,114,105,396
2.748,0.823203,1.12736,0.483547,0.227432,0.938124,313.188,315.05,114,105,397
2.751,0.82338,1.12727,0.483547,0.22765,0.938124,312.348,314.735,114,105,396
2.754,0.82338,1.12727,0.483547,0.22765,0.938124,312.395,314.826,114,105,396
2.757,0.823825,1.12747,0.483547,0.22765,0.938124,323.893,411.107,114,105,396
2.76,0.825356,1.12996,0.483547,0.22765,0.938124,349.91,1268.87,114,105,396
2.763,0.825928,1.12994,0.483547,0.22765,0.947367,310.765,312.575,114,105,396
2.766,0.826124,1.12983,0.482183,0.2289,0.947367,309.79,310.732,114,105,397
2.769,0.826124,1.12983,0.482183,0.2289,0.947367,318.595,430.717,114,105,396
2.772,0.826026,1.12984,0.482183,0.2289,0.947367,309.338,309.067,114,105,396
2.775,0.826464,1.12973,0.483547,0.2289,0.947367,308.557,307.964,114,105,396
2.778,0.825464,1.13002,0.482183,0.22765,0.938124,344.78,1265.75,114,105,396
2.781,0.829832,1.13707,0.483547,0.22765,0.947367,307.046,300.991,114,105,396
2.784,0.829832,1.13707,0.483547,0.22765,0.947367,305.043,297.089,114,105,396
2.787,0.83035,1.13684,0.483669,0.2289,0.947367,303.991,296.295,114,105,396
2.79,0.83035,1.13684,0.483669,0.2289,0.947367,303.933,295.973,114,105,396
2.793,0.830869,1.13669,0.484018,0.2289,0.947367,303.431,294.738,114,105,396
2.796,0.832332,1.13726,0.484018,0.2289,0.949361,302.833,293.667,114,105,396
2.799,0.832332,1.13726,0.484018,0.2289,0.949361,302.633,293.664,114,105,396
2.802,0.832329,1.13726,0.484018,0.2289,0.949361,304.873,304.065,114,105,396
2.805,0.832312,1.13727,0.484018,0.2289,0.949361,302.561,292.203,114,105,396
2.808,0.834816,1.13731,0.488088,0.229657,0.953172,300.371,291.323,114,105,396
2.811,0.837581,1.14118,0.488088,0.229657,0.953172,298.654,290.328,114,105,396
2.814,0.837581,1.14118,0.488088,0.229657,0.953172,305.304,344.904,114,105,396
2.817,0.837885,1.14103,0.488088,0.229773,0.953172,298.156,290.307,114,105,395
2.82,0.839399,1.14255,0.488088,0.229773,0.953172,297.128,289.55,114,105,396
2.823,0.840725,1.14406,0.489053,0.229773,0.953172,296.624,289.628,114,105,395
2.826,0.842186,1.14419,0.489053,0.229773,0.955438,295.711,289.321,114,105,395
2.829,0.842485,1.14424,0.489053,0.229773,0.956722,295.577,289.165,114,105,395
2.832,0.842789,1.14409,0.489053,0.229773,0.956722,294.582,288.792,114,105,395
2.835,0.842789,1.14409,0.489053,0.229773,0.956722,294.456,288.115,114,105,396
2.838,0.843453,1.14398,0.489505,0.229773,0.961412,293.896,288.048,114,105,395
2.841,0.843453,1.14398,0.489505,0.229773,0.961412,293.686,287.641,114,105,395
2.844,0.847083,1.14907,0.489505,0.229773,0.964811,292.382,287.746,114,105,395
2.847,0.847356,1.1493,0.489505,0.229773,0.964811,291.883,287.122,114,105,395
2.85,0.849949,1.15184,0.489985,0.229773,0.970662,289.909,285.355,114,105,394
2.853,0.849949,1.15184,0.489985,0.229773,0.970662,289.674,285.165,114,105,395
2.856,0.850204,1.15195,0.489985,0.229773,0.970662,289.74,285.521,114,105,395
2.859,0.852824,1.15276,0.492038,0.229773,0.976578,288.374,283.377,114,105,395
2.862,0.852824,1.15276,0.492038,0.229773,0.976578,339.455,1243.9,114,105,395
2.865,0.852824,1.15276,0.492038,0.229773,0.976578,288.217,283.346,114,105,395
2.868,0.853546,1.15329,0.492038,0.229773,0.976578,288.237,282.869,114,105,395
2.871,0.853804,1.1532,0.492567,0.229773,0.976578,322.716,1135.02,114,105,395
2.874,0.853814,1.15319,0.492567,0.229773,0.976578,362.956,1741.11,114,105,395
2.877,0.857142,1.15821,0.492567,0.229773,0.980915,330.631,1444.54,114,105,394
2.88,0.857994,1.15816,0.494685,0.229773,0.983815,285.384,277.819,114,105,394
2.883,0.859112,1.15806,0.494878,0.229773,0.98471,284.106,276.384,114,105,395
2.886,0.859732,1.15803,0.495138,0.229773,0.98471,300.488,634.739,114,105,394
2.889,0.860878,1.15784,0.496972,0.231172,0.991294,282.194,276.025,114,105,394
2.892,0.862801,1.1583,0.497712,0.231172,0.992967,279.904,273.964,114,105,394
2.895,0.866686,1.16293,0.50015,0.231172,0.994539,280.018,277.037,114,105,394
2.898,0.867312,1.16346,0.50015,0.231172,0.99479,276.915,268.496,114,105,393
2.901,0.867312,1.16346,0.50015,0.231172,0.99479,276.539,268.193,114,105,393
2.904,0.867312,1.16346,0.50015,0.231172,0.99479,312.793,1176.41,114,105,393
2.907,0.867312,1.16346,0.50015,0.231172,0.99479,284.454,336.855,114,105,394
2.91,0.868553,1.1639,0.50015,0.231172,0.997679,317.764,1343.44,114,105,393
2.913,0.868553,1.1639,0.50015,0.231172,0.997679,276.55,267.826,114,105,394
2.916,0.869883,1.16572,0.50015,0.231172,0.997679,275.45,266.613,114,105,393
2.919,0.869883,1.16572,0.50015,0.231172,0.997679,275.444,266.659,114,105,394
2.922,0.870109,1.1657,0.50015,0.231172,0.997679,275.331,267.034,114,105,393
2.925,0.871607,1.16674,0.50015,0.231172,1.00287,275.064,266.91,114,105,392
2.928,0.871619,1.16673,0.50015,0.231172,1.00287,314.293,1303.96,114,105,393
2.931,0.874511,1.16983,0.50015,0.231172,1.00287,271.745,262.434,114,105,383
2.934,0.874511,1.16983,0.50015,0.231172,1.00287,271.595,261.866,114,105,381
2.937,0.875209,1.16981,0.502084,0.231172,1.00491,279.807,382.127,113,105,382
2.94,0.875209,1.16981,0.502084,0.231172,1.00491,272.405,263.046,114,105,386
2.943,0.875209,1.16981,0.502084,0.231172,1.00491,271.468,262.327,114,105,369
2.946,0.876005,1.16988,0.502084,0.231172,1.0079,309.237,1243.85,114,105,369
2.949,0.877266,1.17008,0.502581,0.231172,1.01246,270.268,261.277,114,105,369
2.952,0.878217,1.17031,0.502581,0.231172,1.01779,271.1,263.097,114,105,369
2.955,0.878217,1.17031,0.502581,0.231172,1.01779,270.498,261.617,114,105,369
2.958,0.878529,1.17014,0.502581,0.231512,1.01779,269.551,259.907,114,105,369
2.961,0.878529,1.17014,0.502581,0.231512,1.01779,307.605,1256.17,114,105,369
2.964,0.878529,1.17014,0.502581,0.231512,1.01779,269.498,260.112,114,105,368
2.967,0.878529,1.17014,0.502581,0.231512,1.01779,269.453,260.168,114,105,369
2.97,0.875992,1.16534,0.502581,0.231512,1.02629,267.115,253.011,114,105,369
2.973,0.879364,1.16839,0.502581,0.232627,1.02679,266.247,251.52,114,105,369
2.976,0.879727,1.1689,0.502581,0.232627,1.02679,282.719,603.803,114,105,368
2.979,0.880032,1.16875,0.502581,0.234968,1.02679,282.782,624.342,113,105,368
2.982,0.882047,1.17048,0.502581,0.234968,1.0324,264.277,250.524,114,105,368
2.985,0.882266,1.17061,0.502581,0.234968,1.0324,264.104,249.821,114,105,368
2.988,0.883407,1.17183,0.502581,0.234968,1.0324,265.544,257.468,114,105,368
2.991,0.884756,1.17232,0.502581,0.234968,1.03467,262.757,249.059,114,105,368
2.994,0.884756,1.17232,0.502581,0.234968,1.03467,262.433,248.413,114,105,368
2.997,0.886471,1.17408,0.504269,0.235761,1.03467,261.673,246.582,114,105,368
3,0.887471,1.17409,0.504954,0.235761,1.03624,261.133,246.185,113,105,368
